actif,date,rendement
BTC,2018-11-14,-0.1028
BTC,2018-11-19,-0.1436
BTC,2018-11-20,-0.0901
BTC,2018-11-22,-0.0527
BTC,2018-11-24,-0.1135
BTC,2018-11-26,-0.0593
BTC,2018-11-28,0.1082
BTC,2018-11-30,-0.0631
BTC,2018-12-01,0.048
BTC,2018-12-03,-0.0612
BTC,2018-12-05,-0.0526
BTC,2018-12-06,-0.064
BTC,2018-12-17,0.0863
BTC,2018-12-20,0.0987
BTC,2018-12-25,-0.0667
BTC,2018-12-28,0.071
BTC,2019-04-02,0.16
BTC,2019-05-11,0.1218
BTC,2019-05-13,0.1141
BTC,2019-05-19,0.1199
BTC,2019-06-27,-0.1518
BTC,2019-10-25,0.1448
BTC,2019-12-18,0.0915
BTC,2020-03-08,-0.0943
BTC,2020-03-12,-0.4647
BTC,2020-03-13,0.1127
BTC,2020-03-19,0.1671
BTC,2020-07-27,0.104
BTC,2020-09-03,-0.108
BTC,2020-11-05,0.0974
BTC,2020-11-26,-0.0882
BTC,2020-12-16,0.0931
BTC,2021-05-12,-0.143
BTC,2021-05-19,-0.1481
BTC,2022-02-28,0.1358
BTC,2022-06-13,-0.1741
BTC,2022-09-09,0.1009
BTC,2022-09-13,-0.0973
BTC,2022-11-08,-0.1054
BTC,2022-11-09,-0.1549
BTC,2022-11-10,0.102
BTC,2023-02-15,0.0898
BTC,2023-03-13,0.0878
BTC,2023-03-17,0.0904
BTC,2023-08-17,-0.0736
BTC,2023-08-29,0.0602
BTC,2023-08-31,-0.0513
BTC,2023-10-01,0.037
BTC,2023-10-16,0.0489
BTC,2023-10-20,0.033
BTC,2023-10-23,0.0981
BTC,2023-11-15,0.0638
BTC,2023-12-11,-0.0597
BTC,2024-01-12,-0.0788
BTC,2024-08-08,0.1146
BTC,2024-11-11,0.0973
BTC,2025-10-10,-0.0723
BTC,2026-02-05,-0.1523
BTC,2026-02-06,0.118
BTC,2026-09-21,0.0651
ETH,2018-09-05,-0.2069
ETH,2018-10-11,-0.1751
ETH,2018-11-14,-0.1312
ETH,2018-11-19,-0.1714
ETH,2018-11-20,-0.135
ETH,2018-11-28,0.107
ETH,2018-12-20,0.1377
ETH,2018-12-28,0.1661
ETH,2019-04-02,0.145
ETH,2019-05-15,0.1294
ETH,2019-07-14,-0.1689
ETH,2019-09-24,-0.1833
ETH,2020-01-14,0.1403
ETH,2020-03-08,-0.1699
ETH,2020-03-12,-0.5507
ETH,2020-03-13,0.1703
ETH,2020-03-19,0.1735
ETH,2020-09-03,-0.1319
ETH,2020-09-05,-0.1467
ETH,2021-01-03,0.2307
ETH,2021-01-21,-0.209
ETH,2021-05-19,-0.3175
ETH,2022-01-21,-0.1598
ETH,2022-11-08,-0.1629
ETH,2022-11-09,-0.1918
ETH,2022-11-10,0.1665
ETH,2023-08-17,-0.0692
ETH,2023-10-23,0.0595
ETH,2023-11-09,0.1155
ETH,2023-11-22,0.0637
ETH,2024-01-10,0.0964
ETH,2024-05-20,0.1762
ETH,2024-08-08,0.1384
ETH,2025-03-03,-0.1607
ETH,2025-05-08,0.1972
ETH,2026-02-05,-0.1627
ETH,2026-02-06,0.1246
ETH,2026-02-25,0.1033
ETH,2026-06-05,-0.1128
ETH,2026-08-19,0.1611
