actif,modele,h,MSE,RMSE,MAE,MAPE_%
BTC,"ARIMA(0, 1, 0) (BIC)",1,3191206.848,1786.3949,1419.13,1.8881
BTC,"ARIMA(0, 1, 0) (BIC)",5,7687193.9767,2772.5789,2089.2959,2.9231
BTC,"ARIMA(0, 1, 0) (BIC)",10,28602440.2864,5348.1249,3977.0652,5.2895
BTC,"ARIMA(2, 1, 0) (AIC)",1,3189163.275,1785.8229,1405.3823,1.8683
BTC,"ARIMA(2, 1, 0) (AIC)",5,7623495.0522,2761.0677,2075.2972,2.9068
BTC,"ARIMA(2, 1, 0) (AIC)",10,28554537.7205,5343.6446,3967.8421,5.2774
BTC,Naive,1,3191206.848,1786.3949,1419.13,1.8881
BTC,Naive,5,7687193.9767,2772.5789,2089.2959,2.9231
BTC,Naive,10,28602440.2864,5348.1249,3977.0652,5.2895
BTC,Drift,1,3201989.3397,1789.4103,1422.2779,1.893
BTC,Drift,5,8078824.8593,2842.3274,2123.8796,2.9724
BTC,Drift,10,29476917.48,5429.2649,4003.2176,5.3326
ETH,"ARIMA(0, 1, 0) (BIC)",1,3948.7134,62.8388,51.2659,2.254
ETH,"ARIMA(0, 1, 0) (BIC)",5,9272.9279,96.296,74.1199,3.4776
ETH,"ARIMA(0, 1, 0) (BIC)",10,49217.5094,221.8502,158.6763,6.82
ETH,"ARIMA(1, 1, 2) (AIC)",1,3958.8218,62.9192,51.0814,2.2386
ETH,"ARIMA(1, 1, 2) (AIC)",5,8591.3035,92.6893,72.6449,3.4223
ETH,"ARIMA(1, 1, 2) (AIC)",10,48731.2615,220.7516,158.4101,6.8035
ETH,Naive,1,3948.7134,62.8388,51.2659,2.254
ETH,Naive,5,9272.9279,96.296,74.1199,3.4776
ETH,Naive,10,49217.5094,221.8502,158.6763,6.82
ETH,Drift,1,3966.2421,62.9781,51.3002,2.2568
ETH,Drift,5,9472.6921,97.3278,75.4302,3.5338
ETH,Drift,10,50026.727,223.6666,160.6069,6.9088
