actif,methode,p,q,derive,AIC,BIC
BTC,manuelle,0,0,False,-11204.8,-11198.83
BTC,manuelle,0,0,True,-11203.89,-11191.97
BTC,manuelle,0,1,False,-11208.59,-11196.66
BTC,manuelle,0,1,True,-11207.79,-11189.9
BTC,manuelle,0,2,False,-11212.51,-11194.62
BTC,manuelle,0,2,True,-11211.62,-11187.76
BTC,manuelle,1,0,False,-11209.14,-11197.21
BTC,manuelle,1,0,True,-11208.34,-11190.45
BTC,manuelle,1,1,False,-11210.5,-11192.61
BTC,manuelle,1,1,True,-11209.71,-11185.86
BTC,manuelle,1,2,False,-11211.31,-11187.45
BTC,manuelle,1,2,True,-11210.34,-11180.52
BTC,manuelle,2,0,False,-11212.57,-11194.68
BTC,manuelle,2,0,True,-11211.68,-11187.83
BTC,manuelle,2,1,False,-11211.44,-11187.59
BTC,manuelle,2,1,True,-11210.49,-11180.67
BTC,manuelle,2,2,False,-11208.56,-11178.75
BTC,manuelle,2,2,True,-11207.67,-11171.89
BTC,auto_arima,2,0,False,-11212.57,-11194.68
ETH,manuelle,0,0,False,-9644.01,-9638.05
ETH,manuelle,0,0,True,-9642.34,-9630.41
ETH,manuelle,0,1,False,-9648.34,-9636.41
ETH,manuelle,0,1,True,-9646.7,-9628.8
ETH,manuelle,0,2,False,-9654.11,-9636.22
ETH,manuelle,0,2,True,-9652.44,-9628.58
ETH,manuelle,1,0,False,-9648.98,-9637.05
ETH,manuelle,1,0,True,-9647.34,-9629.45
ETH,manuelle,1,1,False,-9651.25,-9633.36
ETH,manuelle,1,1,True,-9649.6,-9625.74
ETH,manuelle,1,2,False,-9655.28,-9631.42
ETH,manuelle,1,2,True,-9652.69,-9622.88
ETH,manuelle,2,0,False,-9653.8,-9635.91
ETH,manuelle,2,0,True,-9652.13,-9628.28
ETH,manuelle,2,1,False,-9655.15,-9631.29
ETH,manuelle,2,1,True,-9653.44,-9623.63
ETH,manuelle,2,2,False,-9653.16,-9623.34
ETH,manuelle,2,2,True,-9651.44,-9615.66
ETH,auto_arima,1,2,False,-9655.28,-9631.42
