"actif","methode","p","q","drift","AIC","BIC"
"BTC","manuelle",0,0,FALSE,-11204.795684019,-11198.8322239524
"BTC","manuelle",0,0,TRUE,-11203.8924719637,-11191.9655518304
"BTC","manuelle",0,1,FALSE,-11208.6166117174,-11196.6896915841
"BTC","manuelle",0,1,TRUE,-11207.8154608239,-11189.925080624
"BTC","manuelle",0,2,FALSE,-11212.5223878342,-11194.6320076342
"BTC","manuelle",0,2,TRUE,-11211.627403706,-11187.7735634394
"BTC","manuelle",1,0,FALSE,-11209.1410661005,-11197.2141459672
"BTC","manuelle",1,0,TRUE,-11208.3444878641,-11190.4541076642
"BTC","manuelle",1,1,FALSE,-11210.9576466814,-11193.0672664815
"BTC","manuelle",1,1,TRUE,-11210.1360356855,-11186.282195419
"BTC","manuelle",1,2,FALSE,-11212.1060027829,-11188.2521625164
"BTC","manuelle",1,2,TRUE,-11211.0721355705,-11181.2548352373
"BTC","manuelle",2,0,FALSE,-11212.5745331325,-11194.6841529326
"BTC","manuelle",2,0,TRUE,-11211.6794944989,-11187.8256542324
"BTC","manuelle",2,1,FALSE,-11212.3004386154,-11188.4465983488
"BTC","manuelle",2,1,TRUE,-11211.338645854,-11181.5213455208
"BTC","manuelle",2,2,FALSE,-11210.5907177507,-11180.7734174175
"BTC","manuelle",2,2,TRUE,-11209.5638386512,-11173.7830782514
"BTC","auto.arima",0,2,FALSE,-11212.5223878342,-11194.6320076342
"ETH","manuelle",0,0,FALSE,-9644.01095875157,-9638.04749868493
"ETH","manuelle",0,0,TRUE,-9642.34058160631,-9630.41366147304
"ETH","manuelle",0,1,FALSE,-9648.33527114236,-9636.40835100908
"ETH","manuelle",0,1,TRUE,-9646.69508176248,-9628.80470156256
"ETH","manuelle",0,2,FALSE,-9654.10593957705,-9636.21555937713
"ETH","manuelle",0,2,TRUE,-9652.43673082606,-9628.58289055951
"ETH","manuelle",1,0,FALSE,-9648.97973940459,-9637.05281927131
"ETH","manuelle",1,0,TRUE,-9647.34126632845,-9629.45088612854
"ETH","manuelle",1,1,FALSE,-9651.1870003374,-9633.29662013748
"ETH","manuelle",1,1,TRUE,-9649.5434125711,-9625.68957230455
"ETH","manuelle",1,2,FALSE,-9655.25380474464,-9631.39996447808
"ETH","manuelle",1,2,TRUE,-9653.44552609762,-9623.62822576443
"ETH","manuelle",2,0,FALSE,-9653.81367757675,-9635.92329737684
"ETH","manuelle",2,0,TRUE,-9652.14436747251,-9628.29052720595
"ETH","manuelle",2,1,FALSE,-9655.38408919388,-9631.53024892732
"ETH","manuelle",2,1,TRUE,-9653.7002466295,-9623.88294629631
"ETH","manuelle",2,2,FALSE,-9653.39946853585,-9623.58216820266
"ETH","manuelle",2,2,TRUE,-9651.69676321034,-9615.91600281051
"ETH","auto.arima",2,1,FALSE,-9655.38408919388,-9631.53024892732
