model,asset,h,RMSE_var,MAE_var,QLIKE
EWMA,BTC,1,8.077002396655974,4.829708461094949,2.569640581377565
EWMA,BTC,2,6.191327835345217,4.796362694794415,2.507657894536779
EWMA,BTC,3,40.6380137587186,12.37664545488688,3.407425971200614
EWMA,BTC,4,24.273017373506544,8.688460244091733,2.774528675673258
EWMA,BTC,5,5.152717162723554,4.191363252062673,2.1122487368907823
EWMA,BTC,6,8.10119610384601,5.661330438264001,2.363249082545977
EWMA,BTC,7,6.849489485362354,4.77558273630569,2.215882757170236
EWMA,BTC,8,14.05502925825783,8.50802882755671,3.5738473506789
EWMA,BTC,9,7.8241222647569835,5.421374961604117,2.963448338461496
EWMA,BTC,10,14.28660463301119,8.806635250615086,3.7938579487026973
EWMA,ETH,1,7.7669123779546725,6.487484499715613,2.915247633935704
EWMA,ETH,2,14.035070961574544,10.105546140796092,3.0762257555061967
EWMA,ETH,3,51.67965780273962,20.90362502062846,4.047940007137898
EWMA,ETH,4,26.748652528776123,13.251645187336678,3.242947234182172
EWMA,ETH,5,13.376870485452056,10.11897124102029,3.0491954049840624
EWMA,ETH,6,12.975726930961294,10.38726153662671,2.7193942008802368
EWMA,ETH,7,15.619425147151318,10.913754856128161,2.953033164991891
EWMA,ETH,8,49.800219643093214,20.327268449778558,5.513714861717914
EWMA,ETH,9,13.953971035358956,10.263675401008514,3.2276554845969856
EWMA,ETH,10,22.154293024243383,16.416019623468507,4.097722278578425
GARCH,BTC,1,8.356559151527637,5.888019668477068,2.629514787545139
GARCH,BTC,2,7.247166322656824,5.73642933035849,2.572507262180101
GARCH,BTC,3,40.27755788646225,13.754737386105027,3.232110824561446
GARCH,BTC,4,24.24049398822558,10.439129260853344,2.795428925089867
GARCH,BTC,5,6.969517477171075,6.041051293543894,2.3630362693749234
GARCH,BTC,6,9.31953682942863,7.816324687409484,2.489657996215138
GARCH,BTC,7,8.44443313559302,7.082255144010731,2.4477752045016166
GARCH,BTC,8,14.288570397106108,10.360505752554023,3.096067859316204
GARCH,BTC,9,9.025117187032176,6.975365318666032,2.787253589220504
GARCH,BTC,10,14.659380313999032,10.953984883634321,3.1470017542276914
GARCH,ETH,1,11.462035171154158,9.846024731837336,3.114988579676245
GARCH,ETH,2,17.30950487329733,14.249164384400963,3.2516612521743387
GARCH,ETH,3,50.04407901715514,23.50503888654056,3.7669082766030773
GARCH,ETH,4,26.90496978080995,17.185851881264934,3.3480962619995873
GARCH,ETH,5,17.299956414904052,14.898099428584972,3.24722740887992
GARCH,ETH,6,18.410751308572625,16.596055844447072,3.085945063146859
GARCH,ETH,7,19.873020770356867,16.86548918143555,3.235624328474242
GARCH,ETH,8,49.9959739057895,26.361186814838,4.171764661031686
GARCH,ETH,9,18.818573201021852,15.46326516483829,3.4035278353804617
GARCH,ETH,10,25.07055826603297,22.261430683703157,3.7018331650067564
HIST,BTC,1,8.329080750677338,4.661505205515313,2.6903866315348948
HIST,BTC,2,6.183210880677654,4.692388321514918,2.534437953914492
HIST,BTC,3,40.806916886070084,12.161718539239695,3.7001404957983643
HIST,BTC,4,24.57889005627186,8.833376346835081,2.927679611431854
HIST,BTC,5,4.9694251016047915,3.9570813329328476,2.0795809113281063
HIST,BTC,6,8.406843774150026,5.649919454115052,2.393873754545091
HIST,BTC,7,7.35365099058131,5.011517022027816,2.298663400809536
HIST,BTC,8,13.899974612765188,7.901262329451171,3.4042081511092923
HIST,BTC,9,8.292822231727072,5.741772038646852,2.9521662193861804
HIST,BTC,10,14.034986954821107,8.363329905668255,3.8089795017493078
HIST,ETH,1,7.810491589310961,5.852237634621467,2.912464660766668
HIST,ETH,2,14.049072534074018,9.960341470801655,3.1111895289309235
HIST,ETH,3,52.16556485146237,20.991037225137674,4.558431438131118
HIST,ETH,4,27.589473742714812,13.42158610056616,3.343736105275444
HIST,ETH,5,13.11717493707636,9.26357127049926,3.140131184973119
HIST,ETH,6,13.256797286283959,10.356572122739145,2.7237690833262445
HIST,ETH,7,15.882730000002383,10.668354647009759,3.03747260084059
HIST,ETH,8,49.55386651705632,19.76456711635852,5.069095890504778
HIST,ETH,9,14.121709126294236,10.10801718439934,3.2666239136763893
HIST,ETH,10,21.841074396442323,15.872005660801525,4.236183375118498
