actif,modele,MSE,RMSE,MAE,MAPE_%,couverture_IC95,temps_s
BTC,lstm,13606927.4265,3688.7569,2618.3261,3.576,0.9312,21.8
BTC,gru,13572338.7772,3684.0655,2610.0746,3.5607,0.9312,24.5
BTC,arima_aic,12953464.1552,3599.0921,2559.3523,3.4909,0.9938,
BTC,naive,13008128.9637,3606.6784,2561.7543,3.4935,,
BTC,drift,13538154.4953,3679.4231,2594.1025,3.5395,,
BTC,arima_bic,13008128.9637,3606.6784,2561.7543,3.4935,0.9938,
ETH,lstm,21321.0092,146.0172,102.1015,4.5786,0.975,17.3
ETH,gru,21120.7533,145.3298,101.4446,4.5474,0.975,15.8
ETH,naive,21025.8664,145.003,99.5276,4.4802,,
ETH,arima_bic,21025.8664,145.003,99.5276,4.4802,0.9875,
ETH,arima_aic,20456.183,143.0251,99.279,4.465,0.9906,
ETH,drift,21525.1898,146.7147,100.6127,4.5263,,
