actif,modele,lookback,units,layers,dropout,batch,lr,cv_mse_std,cv_mse_sd
BTC,LSTM,30,32,1,0.1,64,0.001,0.8970661958058676,0.39365907094100394
BTC,LSTM,30,32,1,0.3,64,0.001,0.896938681602478,0.39336339425661554
BTC,LSTM,30,32,2,0.1,64,0.001,0.8973780075709025,0.3936335819664403
BTC,LSTM,30,32,2,0.3,64,0.001,0.8971573909123739,0.3936348993065884
BTC,LSTM,30,64,1,0.1,64,0.001,0.8973525563875834,0.39451044065336316
BTC,LSTM,30,64,1,0.3,64,0.001,0.8978906273841858,0.3944638895229856
BTC,LSTM,30,64,2,0.1,64,0.001,0.8980228900909424,0.3945219058347214
BTC,LSTM,30,64,2,0.3,64,0.001,0.8979535102844238,0.39480417119287187
BTC,LSTM,60,32,1,0.1,64,0.001,0.9016222357749939,0.40029916687191214
BTC,LSTM,60,32,1,0.3,64,0.001,0.9013768235842387,0.39993901395751785
BTC,LSTM,60,32,2,0.1,64,0.001,0.9018885493278503,0.40052529967346256
BTC,LSTM,60,32,2,0.3,64,0.001,0.901829183101654,0.4006734002765776
BTC,LSTM,60,64,1,0.1,64,0.001,0.9027514656384786,0.40191138082192307
BTC,LSTM,60,64,1,0.3,64,0.001,0.902691384156545,0.4019841080319897
BTC,LSTM,60,64,2,0.1,64,0.001,0.9019622008005778,0.40090510394425377
BTC,LSTM,60,64,2,0.3,64,0.001,0.9020377198855082,0.40095776494786156
BTC,GRU,30,32,1,0.1,64,0.001,0.897479792435964,0.3931790913851612
BTC,GRU,30,32,1,0.3,64,0.001,0.8972977598508199,0.39301418587627696
BTC,GRU,30,32,2,0.1,64,0.001,0.8972140153249105,0.3936128097814066
BTC,GRU,30,32,2,0.3,64,0.001,0.8974161346753439,0.3935610930461506
BTC,GRU,30,64,1,0.1,64,0.001,0.8976097901662191,0.39353700976958517
BTC,GRU,30,64,1,0.3,64,0.001,0.8974785804748535,0.39343128028887797
BTC,GRU,30,64,2,0.1,64,0.001,0.8972260355949402,0.39366399553844134
BTC,GRU,30,64,2,0.3,64,0.001,0.8972288370132446,0.39361992808449625
BTC,GRU,60,32,1,0.1,64,0.001,0.9022844036420187,0.40035108276026377
BTC,GRU,60,32,1,0.3,64,0.001,0.9021788835525513,0.4003972546712076
BTC,GRU,60,32,2,0.1,64,0.001,0.9021877845128378,0.4011262260757083
BTC,GRU,60,32,2,0.3,64,0.001,0.9021210273106893,0.4011555641139893
BTC,GRU,60,64,1,0.1,64,0.001,0.9024798274040222,0.400961672038319
BTC,GRU,60,64,1,0.3,64,0.001,0.9023061394691467,0.40088107953925806
BTC,GRU,60,64,2,0.1,64,0.001,0.9021588365236918,0.4005818017855362
BTC,GRU,60,64,2,0.3,64,0.001,0.9019379218419393,0.4004225598165562
ETH,LSTM,30,32,1,0.1,64,0.001,0.9350605408350626,0.38797863442516034
ETH,LSTM,30,32,1,0.3,64,0.001,0.935531477133433,0.3885048830428944
ETH,LSTM,30,32,2,0.1,64,0.001,0.936495860417684,0.39057225193241063
ETH,LSTM,30,32,2,0.3,64,0.001,0.9362207651138306,0.39028588005222437
ETH,LSTM,30,64,1,0.1,64,0.001,0.9352493484814962,0.38926849785467654
ETH,LSTM,30,64,1,0.3,64,0.001,0.9350510239601135,0.3890673121491625
ETH,LSTM,30,64,2,0.1,64,0.001,0.9361618359883627,0.3899496018432756
ETH,LSTM,30,64,2,0.3,64,0.001,0.9356180230776469,0.3892958983795107
ETH,LSTM,60,32,1,0.1,64,0.001,0.9369863867759705,0.3901401214813689
ETH,LSTM,60,32,1,0.3,64,0.001,0.9370814760526022,0.3900750306107873
ETH,LSTM,60,32,2,0.1,64,0.001,0.9381893078486124,0.3917252263840697
ETH,LSTM,60,32,2,0.3,64,0.001,0.9385133186976115,0.3924099225642268
ETH,LSTM,60,64,1,0.1,64,0.001,0.9370427926381429,0.3903881978983372
ETH,LSTM,60,64,1,0.3,64,0.001,0.9375714063644409,0.39115247499209205
ETH,LSTM,60,64,2,0.1,64,0.001,0.948556125164032,0.4065551664232331
ETH,LSTM,60,64,2,0.3,64,0.001,0.9457617600758871,0.4026247419759011
ETH,GRU,30,32,1,0.1,64,0.001,0.9366756478945414,0.3896611396127431
ETH,GRU,30,32,1,0.3,64,0.001,0.9360378384590149,0.3889159238135334
ETH,GRU,30,32,2,0.1,64,0.001,0.9363067547480265,0.38935464605465187
ETH,GRU,30,32,2,0.3,64,0.001,0.9355495572090149,0.38940626324866573
ETH,GRU,30,64,1,0.1,64,0.001,0.9341651201248169,0.38704286295214135
ETH,GRU,30,64,1,0.3,64,0.001,0.935049295425415,0.3883133881964888
ETH,GRU,30,64,2,0.1,64,0.001,0.9363589882850647,0.3888171931398647
ETH,GRU,30,64,2,0.3,64,0.001,0.9350575009981791,0.3886286681492323
ETH,GRU,60,32,1,0.1,64,0.001,0.9382623235384623,0.3913394823438278
ETH,GRU,60,32,1,0.3,64,0.001,0.9380610783894857,0.39100386834916045
ETH,GRU,60,32,2,0.1,64,0.001,0.938946545124054,0.39317045473547496
ETH,GRU,60,32,2,0.3,64,0.001,0.9380361040433248,0.39195216140366107
ETH,GRU,60,64,1,0.1,64,0.001,0.9373554388682047,0.39009791849326986
ETH,GRU,60,64,1,0.3,64,0.001,0.9378332495689392,0.3909130206405536
ETH,GRU,60,64,2,0.1,64,0.001,0.9380521178245544,0.39141251195712234
ETH,GRU,60,64,2,0.3,64,0.001,0.9372735619544983,0.3901697654827134
