actif,modele,h,MSE,RMSE,MAE,MAPE_%,couverture_IC95
BTC,lstm,1,3195523.8768,1787.6028,1425.8988,1.9002,0.9375
BTC,lstm,5,8053586.7436,2837.8842,2090.6702,2.9367,0.9688
BTC,lstm,10,29869481.7263,5465.298,4091.9592,5.4573,0.875
BTC,gru,1,3240339.9311,1800.0944,1434.8127,1.9122,0.9375
BTC,gru,5,8078003.7502,2842.1829,2067.8597,2.9026,0.9688
BTC,gru,10,29566763.5332,5437.5329,4065.1849,5.412,0.875
BTC,arima_aic,1,3189163.275,1785.8229,1405.3823,1.8683,1.0
BTC,arima_aic,5,7623495.0522,2761.0677,2075.2972,2.9068,1.0
BTC,arima_aic,10,28554537.7205,5343.6446,3967.8421,5.2774,0.9688
BTC,naive,1,3191206.848,1786.3949,1419.13,1.8881,
BTC,naive,5,7687193.9767,2772.5789,2089.2959,2.9231,
BTC,naive,10,28602440.2864,5348.1249,3977.0652,5.2895,
BTC,drift,1,3201989.3397,1789.4103,1422.2779,1.893,
BTC,drift,5,8078824.8593,2842.3274,2123.8796,2.9724,
BTC,drift,10,29476917.48,5429.2649,4003.2176,5.3326,
BTC,arima_bic,1,3191206.848,1786.3949,1419.13,1.8881,1.0
BTC,arima_bic,5,7687193.9767,2772.5789,2089.2959,2.9231,1.0
BTC,arima_bic,10,28602440.2864,5348.1249,3977.0652,5.2895,0.9688
ETH,lstm,1,3977.6931,63.069,51.2243,2.2545,1.0
ETH,lstm,5,9121.9791,95.5091,76.0934,3.5455,1.0
ETH,lstm,10,50065.5395,223.7533,163.1756,6.9976,0.9375
ETH,gru,1,3908.7795,62.5202,50.8841,2.2396,1.0
ETH,gru,5,9008.8164,94.9148,76.2251,3.5469,1.0
ETH,gru,10,49776.9091,223.1074,162.1706,6.9519,0.9375
ETH,naive,1,3948.7134,62.8388,51.2659,2.254,
ETH,naive,5,9272.9279,96.296,74.1199,3.4776,
ETH,naive,10,49217.5094,221.8502,158.6763,6.82,
ETH,arima_bic,1,3948.7134,62.8388,51.2659,2.254,1.0
ETH,arima_bic,5,9272.9279,96.296,74.1199,3.4776,1.0
ETH,arima_bic,10,49217.5094,221.8502,158.6763,6.82,0.9688
ETH,arima_aic,1,3958.8218,62.9192,51.0814,2.2386,1.0
ETH,arima_aic,5,8591.3035,92.6893,72.6449,3.4223,1.0
ETH,arima_aic,10,48731.2615,220.7516,158.4101,6.8035,0.9688
ETH,drift,1,3966.2421,62.9781,51.3002,2.2568,
ETH,drift,5,9472.6921,97.3278,75.4302,3.5338,
ETH,drift,10,50026.727,223.6666,160.6069,6.9088,
