segment,nombre_cité,statut,source,contexte
Prompt 1,3607,vérifié,02_metriques.csv:RMSE,"r BTC et ETH, et le Naive obtient un RMSE de 3607 (BTC) / 145,0 (ETH), très pro"
Prompt 1,"145,0",vérifié,02_metriques.csv:RMSE," et le Naive obtient un RMSE de 3607 (BTC) / 145,0 (ETH), très proche ou meilleu"
Prompt 1,"9,12",vérifié,03_cointegration.csv:Trace_Stat,"t de Johansen donne une statistique de trace 9,12 < 15,49 (seuil 5 %) et le tes"
Prompt 1,"15,49",vérifié,03_cointegration.csv:Trace_Crit_95%,"hansen donne une statistique de trace 9,12 < 15,49 (seuil 5 %) et le test d’Engl"
Prompt 1,"0,65",vérifié,03_engle_granger.csv:EG_p_value,"seuil 5 %) et le test d’Engle-Granger un p = 0,65 → pas de cointégration. Le VE"
Prompt 1,3922,vérifié,03_metriques_var.csv:RMSE,"as de cointégration. Le VECM a le pire RMSE (3922 BTC, 158,3 ETH) et est signif"
Prompt 1,"158,3",vérifié,03_metriques_var.csv:RMSE,"tégration. Le VECM a le pire RMSE (3922 BTC, 158,3 ETH) et est significativement"
Prompt 1,"0,66",vérifié,04_garch_levier.csv:p_value,"ymétrie (GJR, EGARCH) ont des p-values entre 0,66 et 1,0, et le GARCH  est rete"
Prompt 1,"0,90",vérifié,04_diagnostic_garch.csv:P-Value,"entent plus d’autocorrélation (Ljung-Box p = 0,90 BTC, 0,50 ETH). Les réseaux d"
Prompt 1,"0,50",vérifié,03_stationnarite_multi.csv:ADF_Stat,"s d’autocorrélation (Ljung-Box p = 0,90 BTC, 0,50 ETH). Les réseaux de neurones"
Prompt 1,"0,3",vérifié,01_outliers.csv:rendement,"icative entre LSTM, GRU, Naive et ARIMA (p > 0,3 entre LSTM et GRU). Malgré un"
Prompt 1,"0,83",vérifié,01_stats_descriptives.csv:skewness,"davantage BTC). Corrélation des rendements = 0,83 et des log-prix = 0,92, mais "
Prompt 1,"0,92",vérifié,03_correlation.csv:Pearson_logp,"tion des rendements = 0,83 et des log-prix = 0,92, mais le test de Granger donn"
Prompt 1,"0,0006",vérifié,01_stats_descriptives.csv:moyenne," mais le test de Granger donne ETH → BTC p = 0,0006 contre BTC → ETH p = 0,059. 2"
Prompt 1,"0,059",vérifié,01_outliers.csv:rendement,"ne ETH → BTC p = 0,0006 contre BTC → ETH p = 0,059. 2. Solidité relative  La plu"
Prompt 1,"0,059",vérifié,01_outliers.csv:rendement,"l’hypothèse 5 (asymétrie de Granger). Le p = 0,059 pour BTC → ETH est marginal e"
Prompt 1,"2,756",vérifié,04_metriques_garch.csv:QLIKE,"tilité : le critère QLIKE favorise le GARCH (2,756 vs 2,828 EWMA pour BTC ; 3,43"
Prompt 1,"2,828",vérifié,04_metriques_garch.csv:QLIKE,"le critère QLIKE favorise le GARCH (2,756 vs 2,828 EWMA pour BTC ; 3,433 vs 3,48"
Prompt 1,"3,433",vérifié,04_metriques_garch.csv:QLIKE,"ise le GARCH (2,756 vs 2,828 EWMA pour BTC ; 3,433 vs 3,484 pour ETH), alors que"
Prompt 1,"3,484",vérifié,04_metriques_garch.csv:QLIKE,"RCH (2,756 vs 2,828 EWMA pour BTC ; 3,433 vs 3,484 pour ETH), alors que le RMSE "
Prompt 1,"17,43",vérifié,04_metriques_garch.csv:RMSE_var,"ariance est légèrement défavorable au GARCH (17,43 vs 17,16 BTC ; 28,59 vs 27,20"
Prompt 1,"17,16",vérifié,04_metriques_garch.csv:RMSE_var,"st légèrement défavorable au GARCH (17,43 vs 17,16 BTC ; 28,59 vs 27,20 ETH). Le"
Prompt 1,"28,59",vérifié,04_metriques_garch.csv:RMSE_var,"t défavorable au GARCH (17,43 vs 17,16 BTC ; 28,59 vs 27,20 ETH). Les deux métri"
Prompt 1,"27,20",vérifié,04_metriques_garch.csv:RMSE_var,"able au GARCH (17,43 vs 17,16 BTC ; 28,59 vs 27,20 ETH). Les deux métriques ne c"
Relance 2,"0,83",vérifié,01_stats_descriptives.csv:skewness,"souvent ensemble (corrélation des rendements 0,83), mais aucun câble ne les rel"
Relance 2,3607,vérifié,02_metriques.csv:RMSE,"hode naïve) donne déjà un bon résultat (RMSE 3607 pour le Bitcoin, 145 pour l’E"
Relance 2,145,vérifié,02_metriques.csv:RMSE," un bon résultat (RMSE 3607 pour le Bitcoin, 145 pour l’Ethereum). Les modèles"
Relance 3,3607,vérifié,02_metriques.csv:RMSE," approches donnent les meilleurs RMSE (Naive 3607 pour BTC et 145,0 pour ETH ; "
Relance 3,"145,0",vérifié,02_metriques.csv:RMSE,"t les meilleurs RMSE (Naive 3607 pour BTC et 145,0 pour ETH ; ARIMA légèrement m"
Relance 3,"2,756",vérifié,04_metriques_garch.csv:QLIKE,"etenu par le BIC, fournit le meilleur QLIKE (2,756 vs 2,828 pour l’EWMA sur BTC "
Relance 3,"2,828",vérifié,04_metriques_garch.csv:QLIKE," le BIC, fournit le meilleur QLIKE (2,756 vs 2,828 pour l’EWMA sur BTC ; 3,433 v"
Relance 3,"3,433",vérifié,04_metriques_garch.csv:QLIKE," QLIKE (2,756 vs 2,828 pour l’EWMA sur BTC ; 3,433 vs 3,484 sur ETH) et produit "
Relance 3,"3,484",vérifié,04_metriques_garch.csv:QLIKE,",756 vs 2,828 pour l’EWMA sur BTC ; 3,433 vs 3,484 sur ETH) et produit une VaR 5"
Relance 3,"4,1",vérifié,03_metriques_par_horizon.csv:MAPE," sur ETH) et produit une VaR 5 % acceptable (4,1 % et 3,1 % de violations, tes"
Relance 3,"3,1",vérifié,03_metriques_par_horizon.csv:MAPE," et produit une VaR 5 % acceptable (4,1 % et 3,1 % de violations, test de Kupi"
