modele1,actif,naive,drift,arima_aic,arima_bic,lstm,gru,var,vecm
naive,BTC,,0.0818,0.3626,,0.0723,0.0723,0.0392,0.0122
drift,BTC,0.0818,,0.0885,0.0818,0.7279,0.8416,0.3267,0.0054
arima_aic,BTC,0.3626,0.0885,,0.3626,0.0652,0.0677,0.033,0.013
arima_bic,BTC,,0.0818,0.3626,,0.0723,0.0723,0.0392,0.0122
lstm,BTC,0.0723,0.7279,0.0652,0.0723,,0.7631,0.4101,0.0101
gru,BTC,0.0723,0.8416,0.0677,0.0723,0.7631,,0.3963,0.0103
var,BTC,0.0392,0.3267,0.033,0.0392,0.4101,0.3963,,0.013
vecm,BTC,0.0122,0.0054,0.013,0.0122,0.0101,0.0103,0.013,
naive,ETH,,0.0693,0.2116,,0.6543,0.887,0.9512,0.011
drift,ETH,0.0693,,0.0894,0.0693,0.7848,0.5906,0.3838,0.0077
arima_aic,ETH,0.2116,0.0894,,0.2116,0.0875,0.1241,0.0682,0.0084
arima_bic,ETH,,0.0693,0.2116,,0.6543,0.887,0.9512,0.011
lstm,ETH,0.6543,0.7848,0.0875,0.6543,,0.3398,0.4981,0.0282
gru,ETH,0.887,0.5906,0.1241,0.887,0.3398,,0.7545,0.0192
var,ETH,0.9512,0.3838,0.0682,0.9512,0.4981,0.7545,,0.0096
vecm,ETH,0.011,0.0077,0.0084,0.011,0.0282,0.0192,0.0096,
