actif,modele,MSE,RMSE,MAE,MAPE_%,n,rang_RMSE
BTC,arima_aic,12953464.1552,3599.0921,2559.3523,3.4909,320,1
BTC,naive,13008128.9637,3606.6784,2561.7543,3.4935,320,2
BTC,arima_bic,13008128.9637,3606.6784,2561.7543,3.4935,320,2
BTC,drift,13538154.4953,3679.4231,2594.1025,3.5395,320,4
BTC,gru,13572338.7772,3684.0655,2610.0746,3.5607,320,5
BTC,lstm,13606927.4265,3688.7569,2618.3261,3.576,320,6
BTC,var,13806603.3182,3715.7238,2631.9678,3.5961,320,7
BTC,vecm,15380116.2529,3921.7491,2767.8916,3.7798,320,8
ETH,arima_aic,20456.183,143.0251,99.279,4.465,320,1
ETH,var,20993.5287,144.8914,100.2319,4.5015,320,2
ETH,naive,21025.8664,145.003,99.5276,4.4802,320,3
ETH,arima_bic,21025.8664,145.003,99.5276,4.4802,320,3
ETH,gru,21120.7533,145.3298,101.4446,4.5474,320,5
ETH,lstm,21321.0092,146.0172,102.1015,4.5786,320,6
ETH,drift,21525.1898,146.7147,100.6127,4.5263,320,7
ETH,vecm,25050.3512,158.273,109.0567,4.881,320,8
