origin,date,h,y_true,y_pred,lo95,hi95
2025-11-15,2025-11-15,1,3166.63134765625,3100.9777773917417,2876.5953764476153,3342.8626266348797
2025-11-15,2025-11-16,2,3092.847412109375,3094.711733160045,2784.229184775148,3439.8176571559416
2025-11-15,2025-11-17,3,3024.538818359375,3093.4271214917685,2717.2278288006105,3521.711081622756
2025-11-15,2025-11-18,4,3122.97900390625,3091.557589949707,2663.41920468071,3588.51821567511
2025-11-15,2025-11-19,5,3023.07080078125,3095.671378385795,2621.4877108704122,3655.6270102731496
2025-11-15,2025-11-20,6,2831.777587890625,3098.3639794567216,2584.9896551989673,3713.6935267371464
2025-11-15,2025-11-21,7,2765.69921875,3102.013712486101,2552.964966703809,3769.1426235572744
2025-11-15,2025-11-22,8,2767.607421875,3105.383522845896,2522.0667306990017,3823.612875338186
2025-11-15,2025-11-23,9,2801.676025390625,3103.1446495719633,2489.857268978518,3867.49346484334
2025-11-15,2025-11-24,10,2952.71337890625,3098.775279691799,2455.7898372195273,3910.1099322493087
2025-11-25,2025-11-25,1,2957.936279296875,2951.394532725966,2736.845616984273,3182.762532803391
2025-11-25,2025-11-26,2,3027.81201171875,2955.5368713038542,2658.179820975048,3286.1577417408926
2025-11-25,2025-11-27,3,3014.542236328125,2958.757406160103,2596.9912720159564,3370.918294119501
2025-11-25,2025-11-28,4,3032.304443359375,2962.2829090819787,2548.6149439127043,3443.093690711624
2025-11-25,2025-11-29,5,2991.685302734375,2960.5395263551172,2503.3696711929915,3501.198559673402
2025-11-25,2025-11-30,6,2992.112548828125,2962.5870720653334,2467.562970518228,3556.919221285505
2025-11-25,2025-12-01,7,2800.18896484375,2961.1110328036216,2431.608069453384,3605.917688273827
2025-11-25,2025-12-02,8,2997.939697265625,2959.379927744162,2396.516533653973,3654.441533679641
2025-11-25,2025-12-03,9,3191.57177734375,2960.049770174351,2366.8906043307093,3701.858728019603
2025-11-25,2025-12-04,10,3134.31640625,2965.411119398988,2341.4676452820945,3755.620166169633
2025-12-05,2025-12-05,1,3024.432861328125,3136.9500619435016,2908.357673698453,3383.5094562539102
2025-12-05,2025-12-06,2,3040.207763671875,3140.0000791137,2823.005026230075,3492.5904861036847
2025-12-05,2025-12-07,3,3061.3017578125,3141.148442225114,2756.206277295277,3579.8530818875324
2025-12-05,2025-12-08,4,3125.197998046875,3144.1353701014305,2704.466177105595,3655.2822546676207
2025-12-05,2025-12-09,5,3321.114990234375,3144.3567020286787,2658.6430459402,3718.8065109719337
2025-12-05,2025-12-10,6,3325.39013671875,3146.5767651090046,2621.4007855063383,3776.967411265738
2025-12-05,2025-12-11,7,3237.056884765625,3145.8972611692648,2584.609717320658,3829.0769826911
2025-12-05,2025-12-12,8,3084.172607421875,3147.3931281145133,2551.6423807605493,3882.238191995317
2025-12-05,2025-12-13,9,3116.6953125,3150.070031231409,2522.302337817157,3934.080801054853
2025-12-05,2025-12-14,10,3060.5947265625,3154.118516830709,2494.004374955366,3988.9519513743403
2025-12-15,2025-12-15,1,2964.18310546875,3059.8016042523145,2835.7134113027587,3301.598045863122
2025-12-15,2025-12-16,2,2964.180908203125,3057.648712561382,2748.4729670811,3401.6036400595267
2025-12-15,2025-12-17,3,2831.403564453125,3056.7784140239232,2683.232267870277,3482.3277821785455
2025-12-15,2025-12-18,4,2827.069091796875,3057.2181198965122,2632.267370673393,3550.7725152678927
2025-12-15,2025-12-19,5,2977.970703125,3058.945731925654,2589.2727553636387,3613.8135588392474
2025-12-15,2025-12-20,6,2977.58251953125,3061.049788345278,2553.145479099064,3669.9929100926524
2025-12-15,2025-12-21,7,3001.61376953125,3062.899351635026,2519.2468888913045,3723.871796612559
2025-12-15,2025-12-22,8,3006.07373046875,3065.5580051291886,2487.501419628137,3777.945937500824
2025-12-15,2025-12-23,9,2963.3740234375,3065.8829418954238,2457.251295599495,3825.26534027612
2025-12-15,2025-12-24,10,2945.590576171875,3064.591364732755,2425.7226948278235,3871.7204785278186
2025-12-25,2025-12-25,1,2903.57958984375,2946.799898108516,2730.3754892345896,3180.379282531084
2025-12-25,2025-12-26,2,2925.74560546875,2946.7498726532135,2647.239451256823,3280.147101109106
2025-12-25,2025-12-27,3,2947.998291015625,2945.92947893069,2583.5351103512753,3359.1571719158314
2025-12-25,2025-12-28,4,2948.568115234375,2946.994463854813,2534.2483422761666,3426.96342150532
2025-12-25,2025-12-29,5,2934.538330078125,2948.76790592615,2493.824882603749,3486.7051907596597
2025-12-25,2025-12-30,6,2971.416748046875,2951.3659354004394,2459.7263404308687,3541.2723527269654
2025-12-25,2025-12-31,7,2967.03759765625,2953.198971766788,2427.309229488523,3593.025586065177
2025-12-25,2026-01-01,8,3000.394287109375,2955.6512659336277,2397.0182007040635,3644.47562527857
2025-12-25,2026-01-02,9,3124.422607421875,2957.0601272648814,2369.6942281987763,3690.0138812028663
2025-12-25,2026-01-03,10,3125.91748046875,2957.149874885629,2341.1836099617194,3735.177089625651
2026-01-04,2026-01-04,1,3140.71044921875,3129.092545721958,2899.4482411262093,3376.9253131725495
2026-01-04,2026-01-05,2,3226.13037109375,3132.5672260368137,2814.328867747842,3486.7913050590932
2026-01-04,2026-01-06,3,3295.94677734375,3135.402497818149,2750.4459499192503,3574.238142586625
2026-01-04,2026-01-07,4,3166.843994140625,3137.699685056613,2699.517440598899,3647.007115249524
2026-01-04,2026-01-08,5,3104.382568359375,3138.6960822772585,2655.9598306479634,3709.172474381588
2026-01-04,2026-01-09,6,3083.047119140625,3141.6823744197036,2620.017282641509,3767.214898593453
2026-01-04,2026-01-10,7,3082.39599609375,3142.5367729320365,2585.461228798927,3819.642413983429
2026-01-04,2026-01-11,8,3118.88525390625,3143.7732724914968,2552.4381381536427,3872.105749047138
2026-01-04,2026-01-12,9,3092.3251953125,3147.5110716297786,2525.01465840731,3923.4726471967942
2026-01-04,2026-01-13,10,3322.095458984375,3150.2028710767345,2496.2756057314778,3975.433684547889
2026-01-14,2026-01-14,1,3354.72265625,3321.639565510816,3079.1983793065215,3583.1693980209657
2026-01-14,2026-01-15,2,3317.101318359375,3330.1755046035387,2993.193125178298,3705.0963394822124
2026-01-14,2026-01-16,3,3295.482177734375,3336.3042658093977,2928.850209376449,3800.4422754101015
2026-01-14,2026-01-17,4,3308.8642578125,3341.360749456749,2877.1356899308803,3880.4883958317537
2026-01-14,2026-01-18,5,3281.15771484375,3340.971452800618,2828.9164982144143,3945.7121677059317
2026-01-14,2026-01-19,6,3186.62109375,3345.6565710491054,2791.1457461294062,4010.3308495897854
2026-01-14,2026-01-20,7,2935.605712890625,3343.598499519012,2751.1168453928717,4063.6772461001324
2026-01-14,2026-01-21,8,2978.901123046875,3340.8574091634223,2712.022535748355,4115.499809179233
2026-01-14,2026-01-22,9,2949.63330078125,3344.4114573208103,2682.6651958728926,4169.393934459747
2026-01-14,2026-01-23,10,2953.25634765625,3351.9997888311796,2656.0636190368173,4230.283681382153
2026-01-24,2026-01-24,1,2948.74072265625,2948.9964594606695,2733.464401517554,3181.5230932158584
2026-01-24,2026-01-25,2,2815.90234375,2947.778865880051,2650.940185529902,3277.8560186155746
2026-01-24,2026-01-26,3,2926.45703125,2948.003720172722,2591.6776570835077,3353.320545245639
2026-01-24,2026-01-27,4,3022.2109375,2948.205400804487,2544.0626146540812,3416.549197832772
2026-01-24,2026-01-28,5,3006.607421875,2948.0021022277924,2504.912501084186,3469.469049708496
2026-01-24,2026-01-29,6,2818.232666015625,2949.468761915262,2472.427458227479,3518.552566048048
2026-01-24,2026-01-30,7,2702.375244140625,2950.495940587308,2442.751595699559,3563.7787774851945
2026-01-24,2026-01-31,8,2445.091796875,2949.9548434417375,2411.321032455341,3608.9070933389025
2026-01-24,2026-02-01,9,2267.96484375,2948.587026582647,2382.428505249405,3649.2870338710723
2026-01-24,2026-02-02,10,2344.356689453125,2947.557972195095,2352.7887667758587,3692.6808399194224
2026-02-03,2026-02-03,1,2227.558837890625,2334.45507991883,2166.4711854837196,2515.464113565882
2026-02-03,2026-02-04,2,2143.504150390625,2329.5198265317567,2098.926332069981,2585.4469207848374
2026-02-03,2026-02-05,3,1821.68310546875,2327.774651579877,2051.391329340189,2641.3950137347224
2026-02-03,2026-02-06,4,2063.386962890625,2326.9310874476096,2013.5319594331181,2689.10968130574
2026-02-03,2026-02-07,5,2090.54931640625,2325.4374316270514,1981.1958947983117,2729.492455849614
2026-02-03,2026-02-08,6,2088.762939453125,2327.2595136666055,1955.1513828328536,2770.187971892073
2026-02-03,2026-02-09,7,2103.567626953125,2329.538491330719,1930.5994927777056,2810.9142278824024
2026-02-03,2026-02-10,8,2019.4974365234373,2326.9574367905107,1902.0629681544945,2846.7674326725305
2026-02-03,2026-02-11,9,1940.621337890625,2323.170977310227,1874.1736625153746,2879.734945465482
2026-02-03,2026-02-12,10,1946.940673828125,2321.5472853851866,1848.5142603834602,2915.629007460998
2026-02-13,2026-02-13,1,2048.52734375,1943.540825863386,1802.0975834100202,2096.085681803112
2026-02-13,2026-02-14,2,2086.009765625,1940.6766150092917,1744.1307773130848,2159.3711739012883
2026-02-13,2026-02-15,3,1966.04296875,1939.2287262539144,1699.0525333746143,2213.355960959698
2026-02-13,2026-02-16,4,1997.917724609375,1938.2610866704256,1665.8174752889117,2255.262713851196
2026-02-13,2026-02-17,5,1992.1943359375,1937.679662403833,1636.2586243035084,2294.62654517199
2026-02-13,2026-02-18,6,1953.97412109375,1938.2762824597783,1611.0353654195962,2331.987880456991
2026-02-13,2026-02-19,7,1948.2010498046875,1939.1174597037862,1588.392127748765,2367.2847887110715
2026-02-13,2026-02-20,8,1969.0223388671875,1938.514082397992,1564.594904130544,2401.795402589263
2026-02-13,2026-02-21,9,1973.7371826171875,1936.7783752839005,1542.9800212021012,2431.081688306592
2026-02-13,2026-02-22,10,1957.805908203125,1935.8094213865347,1522.7050615499215,2460.987495578778
2026-02-23,2026-02-23,1,1855.5028076171875,1958.56320810862,1812.4834096890215,2116.4165253324386
2026-02-23,2026-02-24,2,1852.969482421875,1958.1204996236916,1755.5695079575962,2184.0410611296325
2026-02-23,2026-02-25,3,2054.6279296875,1957.980928843622,1714.258747847321,2236.353947459498
2026-02-23,2026-02-26,4,2026.7926025390625,1958.2960200601547,1682.676777405847,2279.0611682985696
2026-02-23,2026-02-27,5,1930.7618408203125,1958.1241154921354,1654.6571298157537,2317.247472350239
2026-02-23,2026-02-28,6,1965.050537109375,1958.7108398518885,1629.6776362566602,2354.176107469801
2026-02-23,2026-03-01,7,1939.066650390625,1959.563003092819,1606.9887386295397,2389.4922663645116
2026-02-23,2026-03-02,8,2027.2689208984373,1959.9363890525635,1583.8650844066597,2425.3016793860515
2026-02-23,2026-03-03,9,1982.7689208984373,1960.4480009895258,1564.0783675602488,2457.265853359346
2026-02-23,2026-03-04,10,2126.50537109375,1960.7979682778978,1545.5411155221063,2487.6262648657694
2026-03-05,2026-03-05,1,2071.60546875,2125.328106882185,1967.5125833684815,2295.8021209552035
2026-03-05,2026-03-06,2,1978.751220703125,2133.9179153059567,1914.6337791044502,2378.31679298671
2026-03-05,2026-03-07,3,1969.4554443359373,2138.4394465948562,1874.0325750813638,2440.151429360493
2026-03-05,2026-03-08,4,1936.604736328125,2141.500520331995,1841.728288409477,2490.0657211182397
2026-03-05,2026-03-09,5,1992.938232421875,2143.036819603186,1812.2645344474065,2534.1812538285476
2026-03-05,2026-03-10,6,2037.1204833984373,2147.0685238767583,1787.2975188582966,2579.259019599082
2026-03-05,2026-03-11,7,2051.5732421875,2146.163517567616,1760.3322801968886,2616.561598031385
2026-03-05,2026-03-12,8,2073.13623046875,2143.510331416646,1732.5294417592,2651.9817961791937
2026-03-05,2026-03-13,9,2092.5634765625,2147.019462028634,1713.0895020270675,2690.8649926785256
2026-03-05,2026-03-14,10,2097.086669921875,2154.451974673893,1698.3325465625035,2733.0709292306497
2026-03-15,2026-03-15,1,2177.476318359375,2099.4159170974967,1941.9765106887714,2269.619209451238
2026-03-15,2026-03-16,2,2351.176025390625,2102.2151102311013,1885.1753529035464,2344.242599436357
2026-03-15,2026-03-17,3,2318.053466796875,2104.0762724965116,1844.8310824630735,2399.751935321932
2026-03-15,2026-03-18,4,2203.671630859375,2105.6776077583936,1812.600541093179,2446.141931051748
2026-03-15,2026-03-19,5,2137.423828125,2106.8065636506794,1784.6490174067953,2487.118673391137
2026-03-15,2026-03-20,6,2146.4970703125,2108.0300704261595,1759.0022549411685,2526.3132922871355
2026-03-15,2026-03-21,7,2076.68994140625,2108.9192346722057,1734.134846749761,2564.70270850407
2026-03-15,2026-03-22,8,2053.04833984375,2110.5304927553443,1709.1841914124784,2606.1199157061174
2026-03-15,2026-03-23,9,2152.14599609375,2113.463684233056,1688.8311115468898,2644.8640802694886
2026-03-15,2026-03-24,10,2155.704345703125,2115.1939162546787,1670.539294033208,2678.204169959421
2026-03-25,2026-03-25,1,2168.021484375,2153.8606394878607,1993.5445178873047,2327.069003330532
2026-03-25,2026-03-26,2,2059.578369140625,2156.772975182179,1934.9718125570655,2403.9986713444705
2026-03-25,2026-03-27,3,1991.27197265625,2158.5221646620475,1892.258719332187,2462.25206296402
2026-03-25,2026-03-28,4,1992.694580078125,2161.1133919585777,1860.1162151402443,2510.8168268672293
2026-03-25,2026-03-29,5,1982.5596923828125,2161.659145188366,1830.4539711874597,2552.7930958816505
2026-03-25,2026-03-30,6,2023.514892578125,2161.7231830968376,1802.2842949173391,2592.846829724303
2026-03-25,2026-03-31,7,2104.708251953125,2159.585325044618,1773.5912936176262,2629.584838926004
2026-03-25,2026-04-01,8,2138.737060546875,2158.274827765987,1745.4135019547327,2668.794659232051
2026-03-25,2026-04-02,9,2056.8525390625,2159.243189887959,1723.3741927219526,2705.3504530630653
2026-03-25,2026-04-03,10,2053.38525390625,2161.2798914295954,1705.1828914523808,2739.372294029594
2026-04-04,2026-04-04,1,2065.3515625,2054.2967472023197,1900.5943646340952,2220.4291478989503
2026-04-04,2026-04-05,2,2108.99560546875,2053.726835228031,1841.8792037346907,2289.940570034954
2026-04-04,2026-04-06,3,2107.761474609375,2053.3969831958957,1799.6760702748734,2342.887834227861
2026-04-04,2026-04-07,4,2241.806640625,2053.4502736400896,1767.3595120082389,2385.851886762529
2026-04-04,2026-04-08,5,2190.33544921875,2053.775339343221,1739.2167488053985,2425.225692767471
2026-04-04,2026-04-09,6,2189.14404296875,2054.663885319188,1713.5317271552026,2463.709083836863
2026-04-04,2026-04-10,7,2245.148681640625,2056.2213659140816,1689.9106123920653,2501.9348802459913
2026-04-04,2026-04-11,8,2285.39013671875,2058.0492709199502,1665.5578760439782,2543.0318948714216
2026-04-04,2026-04-12,9,2192.201171875,2058.4634596155242,1643.332868427833,2578.4622799068616
2026-04-04,2026-04-13,10,2370.71484375,2058.4734277946586,1623.6601525617486,2609.728917871897
2026-04-14,2026-04-14,1,2323.30859375,2365.2342348586635,2188.6384835487916,2556.079054534605
2026-04-14,2026-04-15,2,2359.43701171875,2373.9133032623154,2129.408713108347,2646.4925858125093
2026-04-14,2026-04-16,3,2348.64501953125,2378.4289496676643,2085.691864599939,2712.253120717952
2026-04-14,2026-04-17,4,2421.07177734375,2381.188268600646,2050.678918260674,2764.9660412613594
2026-04-14,2026-04-18,5,2351.1005859375,2383.8973121938598,2020.4716749379845,2812.6929298623004
2026-04-14,2026-04-19,6,2264.9169921875,2391.782315540411,1997.1089257635058,2864.4519941469016
2026-04-14,2026-04-20,7,2315.21240234375,2391.32476989554,1967.359516790389,2906.654379289652
2026-04-14,2026-04-21,8,2327.970458984375,2386.899336062439,1932.7732646963468,2947.727260388403
2026-04-14,2026-04-22,9,2376.088134765625,2388.7336502798275,1907.1786676932156,2991.879339171096
2026-04-14,2026-04-23,10,2331.513916015625,2397.7044327368776,1890.4197924542025,3041.1163540043967
2026-04-24,2026-04-24,1,2315.690185546875,2334.2917344345215,2160.5151734392243,2522.045653016843
2026-04-24,2026-04-25,2,2318.8291015625,2334.6851471697564,2095.080301238455,2601.692514216752
2026-04-24,2026-04-26,3,2369.72900390625,2335.938448630207,2048.9598410774665,2663.111460944732
2026-04-24,2026-04-27,4,2303.06396484375,2336.7082655414206,2012.960958168295,2712.524302119669
2026-04-24,2026-04-28,5,2289.419677734375,2337.4462180399496,1980.6996999260728,2758.4468369602864
2026-04-24,2026-04-29,6,2253.415771484375,2336.1495773804913,1949.8231127168588,2799.0204918078466
2026-04-24,2026-04-30,7,2256.251220703125,2336.306745845976,1921.3367222935838,2840.9019342375173
2026-04-24,2026-05-01,8,2295.09375,2338.6394080779996,1892.827313055838,2889.452325255027
2026-04-24,2026-05-02,9,2316.23193359375,2340.715449736528,1867.837715079961,2933.3109468778052
2026-04-24,2026-05-03,10,2321.6357421875,2340.2155107721933,1844.6517571204777,2968.911945422048
2026-05-04,2026-05-04,1,2346.39697265625,2321.8237564272463,2149.067847759877,2508.466897184843
2026-05-04,2026-05-05,2,2361.1826171875,2324.0635955616867,2085.945238184945,2589.364043379659
2026-05-04,2026-05-06,3,2350.802001953125,2326.1306034768522,2041.241874661583,2650.7802194331593
2026-05-04,2026-05-07,4,2291.107666015625,2326.626945742435,2005.1305574179842,2699.671063626583
2026-05-04,2026-05-08,5,2306.97216796875,2327.108806699508,1972.8970454637977,2744.9153571748207
2026-05-04,2026-05-09,6,2326.727294921875,2327.1113783061865,1943.3570244874425,2786.6456337174764
2026-05-04,2026-05-10,7,2369.0439453125,2326.2870144139133,1914.923785226171,2826.019142475498
2026-05-04,2026-05-11,8,2339.36083984375,2326.4458062615613,1885.7415873762923,2870.1440991193417
2026-05-04,2026-05-12,9,2274.6435546875,2328.424042386718,1861.8053760266284,2911.9899378177347
2026-05-04,2026-05-13,10,2257.576416015625,2330.381500717516,1841.7588936311006,2948.63673940492
2026-05-14,2026-05-14,1,2280.934814453125,2255.6605397470307,2089.875816033542,2434.596559057079
2026-05-14,2026-05-15,2,2223.328857421875,2252.7721872016923,2025.06929268689,2506.0784565529307
2026-05-14,2026-05-16,3,2179.751953125,2251.2075860152077,1979.4180707948217,2560.31591815135
2026-05-14,2026-05-17,4,2127.645263671875,2250.1721539748205,1943.912196294985,2604.6828309293355
2026-05-14,2026-05-18,5,2128.51611328125,2249.263142253478,1912.0193158120455,2645.990362786332
2026-05-14,2026-05-19,6,2109.9638671875,2249.9666831856894,1884.8353438262104,2685.8314664075942
2026-05-14,2026-05-20,7,2126.9833984375,2251.1085252786456,1859.0674034323358,2725.823487209908
2026-05-14,2026-05-21,8,2131.41064453125,2250.9817421623775,1830.827622380294,2767.556454583514
2026-05-14,2026-05-22,9,2064.636962890625,2248.8472492778674,1803.9127983658193,2803.5246244530754
2026-05-14,2026-05-23,10,2115.951416015625,2247.3851117722998,1781.4521568485684,2835.1812992556993
2026-05-24,2026-05-24,1,2097.993896484375,2111.2708730023323,1956.501470521856,2278.283337041957
2026-05-24,2026-05-25,2,2111.370361328125,2112.679840534003,1899.1673315596977,2350.1963383780317
2026-05-24,2026-05-26,3,2070.858154296875,2113.1112919620987,1858.1307916440296,2403.081285934126
2026-05-24,2026-05-27,4,2022.1982421875,2112.933431122343,1825.4080711528352,2445.747750822035
2026-05-24,2026-05-28,5,2007.552734375,2112.4442100351666,1795.5884084178424,2485.2134930204293
2026-05-24,2026-05-29,6,2011.978515625,2113.850829171451,1770.4473872340197,2523.8622509815355
2026-05-24,2026-05-30,7,2019.458251953125,2111.553359970074,1743.1807737292952,2557.7712072065965
2026-05-24,2026-05-31,8,2004.341552734375,2107.7975227208126,1713.6688314257312,2592.572330962969
2026-05-24,2026-06-01,9,2003.22119140625,2106.4134762172166,1688.8919680590418,2627.1530782923273
2026-05-24,2026-06-02,10,1857.71630859375,2108.3057576952006,1670.5306175309195,2660.803173126196
2026-06-03,2026-06-03,1,1811.7322998046875,1862.6889821672596,1726.5446852724535,2009.5687495859902
2026-06-03,2026-06-04,2,1769.58056640625,1855.368321992923,1668.7776611113056,2062.8222024271404
2026-06-03,2026-06-05,3,1580.86083984375,1851.0665609287094,1628.507113409666,2104.0420301354156
2026-06-03,2026-06-06,4,1568.7677001953125,1847.4467825021281,1598.1363353594602,2135.64984329687
2026-06-03,2026-06-07,5,1686.396240234375,1847.129204010515,1572.888692376239,2169.184833514199
2026-06-03,2026-06-08,6,1690.1485595703125,1843.111918780655,1547.5503789591305,2195.1217817129436
2026-06-03,2026-06-09,7,1637.7066650390625,1846.1219755608752,1529.0117704818954,2228.9994193927264
2026-06-03,2026-06-10,8,1620.1376953125,1851.1830071501804,1509.2677315485048,2270.5570750165157
2026-06-03,2026-06-11,9,1672.2806396484375,1849.3718351076454,1488.5877414573895,2297.597977759057
2026-06-03,2026-06-12,10,1665.1278076171875,1842.732585054523,1465.9637239418817,2316.3352029550947
2026-06-13,2026-06-13,1,1680.214599609375,1665.6342415158597,1548.5786026063054,1791.5380090108556
2026-06-13,2026-06-14,2,1724.61328125,1667.0459373700826,1502.4837245445244,1849.6321204042056
2026-06-13,2026-06-15,3,1794.961181640625,1667.5777259722204,1468.3277274527857,1893.8656678388575
2026-06-13,2026-06-16,4,1790.398193359375,1667.7141455054675,1442.067167871739,1928.6691584718226
2026-06-13,2026-06-17,5,1747.885498046875,1667.5777139069476,1418.431536298125,1960.486185450019
2026-06-13,2026-06-18,6,1709.533447265625,1666.0097881542526,1396.5506892718745,1987.4599866281246
2026-06-13,2026-06-19,7,1710.982421875,1663.67794664608,1375.2875328813138,2012.5422822366106
2026-06-13,2026-06-20,8,1739.3013916015625,1663.102631371338,1354.8456696762075,2041.49478009203
2026-06-13,2026-06-21,9,1704.58056640625,1664.237444154161,1337.3997044888881,2070.9487681420273
2026-06-13,2026-06-22,10,1726.5108642578125,1664.2240683156417,1321.6522319716648,2095.5904152102585
2026-06-23,2026-06-23,1,1665.436767578125,1724.8873738336383,1603.6484871199193,1855.2921518069693
2026-06-23,2026-06-24,2,1619.9249267578125,1725.6316564711763,1555.011744292995,1914.9724268927312
2026-06-23,2026-06-25,3,1564.816650390625,1725.9869192325589,1520.6167268206314,1959.0938287194708
2026-06-23,2026-06-26,4,1576.6160888671875,1726.1905101872137,1495.322066176747,1992.7036087142103
2026-06-23,2026-06-27,5,1571.5882568359375,1726.0626876977826,1471.064627673075,2025.262755841752
2026-06-23,2026-06-28,6,1570.3612060546875,1726.4810884600015,1449.6436735315058,2056.1859464047457
2026-06-23,2026-06-29,7,1610.205810546875,1725.3521467677087,1428.3922816127292,2084.049367023276
2026-06-23,2026-06-30,8,1569.5838623046875,1723.5602260380501,1406.3500948738179,2112.318876792106
2026-06-23,2026-07-01,9,1608.960693359375,1723.026267391704,1386.4755104782723,2141.2707946768405
2026-06-23,2026-07-02,10,1698.16943359375,1723.6832552276926,1370.0896776848447,2168.532478379681
2026-07-03,2026-07-03,1,1756.5186767578125,1696.3540895789993,1577.405736183975,1824.2720507615645
2026-07-03,2026-07-04,2,1779.032958984375,1702.6427941382158,1534.1448525405199,1889.647173557376
2026-07-03,2026-07-05,3,1783.0059814453125,1706.1327433041947,1502.7033281048152,1937.1015444850732
2026-07-03,2026-07-06,4,1797.57373046875,1707.6985984672988,1478.8735142969826,1971.9296309079393
2026-07-03,2026-07-07,5,1768.511474609375,1709.0312303472704,1456.1107261535522,2005.8829962868474
2026-07-03,2026-07-08,6,1742.6776123046875,1711.2192847730696,1436.5404327780725,2038.419089197775
2026-07-03,2026-07-09,7,1744.484619140625,1707.618833632306,1413.4820890480491,2062.963587277994
2026-07-03,2026-07-10,8,1795.6932373046875,1703.6110266792057,1389.4979701983184,2088.733191750358
2026-07-03,2026-07-11,9,1788.099609375,1705.638179778646,1372.0725158692478,2120.297263206638
2026-07-03,2026-07-12,10,1805.7880859375,1710.832871815826,1359.7503664160365,2152.563579004796
2026-07-13,2026-07-13,1,1773.500732421875,1806.1773199362756,1679.66755469762,1942.2155901793758
2026-07-13,2026-07-14,2,1889.4798583984373,1807.8195988515652,1629.2086104763935,2006.0118028937886
2026-07-13,2026-07-15,3,1916.9437255859373,1808.6141834177708,1593.540080985072,2052.7160273482777
2026-07-13,2026-07-16,4,1863.193359375,1809.4918716961731,1567.423163687113,2088.9450338556585
2026-07-13,2026-07-17,5,1840.9881591796875,1809.6567213386147,1541.9013433109917,2123.908551797342
2026-07-13,2026-07-18,6,1861.39208984375,1809.9772990063514,1519.350915689772,2156.195641894252
2026-07-13,2026-07-19,7,1871.508544921875,1808.9078676183888,1496.853581535768,2186.0171989397195
2026-07-13,2026-07-20,8,1903.7589111328125,1808.112811988957,1474.1872693138203,2217.677501990869
2026-07-13,2026-07-21,9,1928.3837890625,1808.975462275397,1455.4571367165074,2248.3604226895754
2026-07-13,2026-07-22,10,1933.4901123046875,1809.6827919405669,1439.7445626728968,2274.675586456692
2026-07-23,2026-07-23,1,1877.1002197265625,1935.7777181870165,1802.6388065919873,2078.749975051152
2026-07-23,2026-07-24,2,1860.1767578125,1937.951362859112,1749.9833667711453,2146.1092465907054
2026-07-23,2026-07-25,3,1873.222412109375,1939.8272130041607,1714.016669960141,2195.3868257296444
2026-07-23,2026-07-26,4,1953.4112548828125,1940.4493745882362,1685.1163292664532,2234.471122227488
2026-07-23,2026-07-27,5,1890.613525390625,1940.810610517207,1659.1273585338818,2270.3174693139454
2026-07-23,2026-07-28,6,1919.948486328125,1939.96266684053,1634.1873821196311,2302.952029805549
2026-07-23,2026-07-29,7,1908.51904296875,1939.6236076702478,1610.5258363878754,2335.969814597673
2026-07-23,2026-07-30,8,1917.3729248046875,1940.5368433325239,1587.1888393530537,2372.5489664266215
2026-07-23,2026-07-31,9,1860.345947265625,1942.6177610422244,1567.5085759968217,2407.4916228875272
2026-07-23,2026-08-01,10,1843.417724609375,1944.019302959469,1550.6265648467017,2437.2154688660585
2026-08-02,2026-08-02,1,1882.52197265625,1841.777784839001,1717.6620181121555,1974.8619768950182
2026-08-02,2026-08-03,2,1858.2564697265625,1838.7129225834522,1661.1332906103432,2035.2762964813999
2026-08-02,2026-08-04,3,1868.3858642578125,1837.4484044155327,1624.0341147740107,2078.9074614722595
2026-08-02,2026-08-05,4,1906.5260009765625,1835.5562670907154,1595.223859707033,2112.0965494302322
2026-08-02,2026-08-06,5,1902.0574951171875,1834.2311850999063,1569.0082698601077,2144.287002829485
2026-08-02,2026-08-07,6,1913.2794189453125,1833.7676604682733,1545.820034768566,2175.352729907356
2026-08-02,2026-08-08,7,1915.532958984375,1834.3201749910982,1523.9804339540626,2207.8567607652085
2026-08-02,2026-08-09,8,1908.6827392578125,1833.867251434294,1500.8064369820252,2240.8413323745967
2026-08-02,2026-08-10,9,1871.2786865234373,1831.547850921531,1479.023836253232,2268.095650651113
2026-08-02,2026-08-11,10,1881.37353515625,1829.9310805139871,1460.8701256425738,2292.228241684498
2026-08-12,2026-08-12,1,1878.135009765625,1878.5347914808694,1752.9186113219669,2013.1527727592284
2026-08-12,2026-08-13,2,1883.9913330078125,1877.917165645428,1698.291668161395,2076.541354550539
2026-08-12,2026-08-14,3,1880.6500244140625,1877.8969338036502,1661.6924825947929,2122.2319598403665
2026-08-12,2026-08-15,4,1880.9083251953125,1876.5393360162986,1633.1901026597004,2156.1481874533665
2026-08-12,2026-08-16,5,1873.9429931640625,1875.3927065172804,1607.0746387089248,2188.5093068755914
2026-08-12,2026-08-17,6,1912.2021484375,1875.4111627729733,1584.147813431297,2220.2265468114488
2026-08-12,2026-08-18,7,1916.4595947265625,1874.451734362724,1560.9215918367395,2250.9582305931203
2026-08-12,2026-08-19,8,2251.4580078125,1872.7723446023142,1536.1701839420161,2283.130014740368
2026-08-12,2026-08-20,9,2326.384765625,1871.1276413402281,1514.3663123495658,2311.936432840611
2026-08-12,2026-08-21,10,2515.28173828125,1871.2040771111076,1497.3799728078902,2338.3541664654367
2026-08-22,2026-08-22,1,2424.251220703125,2536.238201294783,2366.9661618483615,2717.6156201083413
2026-08-22,2026-08-23,2,2463.81591796875,2554.7404428997993,2310.8712239228776,2824.34549490313
2026-08-22,2026-08-24,3,2481.831298828125,2568.5694845103703,2273.4256714673115,2902.0298660125923
2026-08-22,2026-08-25,4,2443.159423828125,2581.4190511639736,2247.278263680608,2965.2421889216407
2026-08-22,2026-08-26,5,2506.260986328125,2590.4152243288763,2220.421720434443,3022.061517720115
2026-08-22,2026-08-27,6,2510.41015625,2600.9872095027063,2197.7489915253,3078.210701078052
2026-08-22,2026-08-28,7,2442.535888671875,2609.404147838262,2175.248179179227,3130.2129439431224
2026-08-22,2026-08-29,8,2457.686279296875,2624.3302493703645,2156.4694944850685,3193.6965838716187
2026-08-22,2026-08-30,9,2417.938720703125,2650.061202236061,2151.7268197549633,3263.8085425716777
2026-08-22,2026-08-31,10,2466.8203125,2671.265933216289,2145.378578428282,3326.0617765604434
2026-09-01,2026-09-01,1,2417.842041015625,2460.844758607242,2299.267873862579,2633.7761662331086
2026-09-01,2026-09-02,2,2391.5009765625,2463.1236397936577,2233.455062513894,2716.40928297057
2026-09-01,2026-09-03,3,2508.020751953125,2464.872952030075,2188.921060461265,2775.613419503197
2026-09-01,2026-09-04,4,2456.078125,2465.587298508835,2155.911025655839,2819.745645448794
2026-09-01,2026-09-05,5,2480.735595703125,2465.854996190746,2124.42656934845,2862.1562872392915
2026-09-01,2026-09-06,6,2514.548828125,2466.7152610442467,2096.981326166423,2901.6396584666995
2026-09-01,2026-09-07,7,2490.9580078125,2463.76312376586,2065.770039184817,2938.433908366621
2026-09-01,2026-09-08,8,2484.94140625,2459.431551435429,2031.5752251963575,2977.3958065527436
2026-09-01,2026-09-09,9,2466.913818359375,2456.8749895320293,2002.574771603621,3014.2368713425444
2026-09-01,2026-09-10,10,2437.0986328125,2458.0633207785227,1981.814012759956,3048.7599997046623
2026-09-11,2026-09-11,1,2514.73388671875,2437.2016273292447,2278.0763282938474,2607.4419449786446
2026-09-11,2026-09-12,2,2525.944580078125,2435.017568880267,2209.0711981618456,2684.073997112138
2026-09-11,2026-09-13,3,2477.020751953125,2433.831155763958,2162.4301288253528,2739.295025446686
2026-09-11,2026-09-14,4,2514.406982421875,2432.4057428678198,2128.342525472195,2779.908603585173
2026-09-11,2026-09-15,5,2399.0869140625,2431.218683682759,2095.9722972248856,2820.0870286855375
2026-09-11,2026-09-16,6,2416.119873046875,2430.4909008161367,2067.265385301831,2857.53636710148
2026-09-11,2026-09-17,7,2447.106689453125,2431.5184742055553,2039.9010013297946,2898.3181470810323
2026-09-11,2026-09-18,8,2611.34716796875,2432.943584584759,2010.8050335722976,2943.7038335120683
2026-09-11,2026-09-19,9,2631.962646484375,2431.3394283619077,1982.994239060309,2981.0532473904095
2026-09-11,2026-09-20,10,2642.99755859375,2429.458776829157,1960.4913761888704,3010.607452804021
2026-09-21,2026-09-21,1,2776.46826171875,2651.563879826303,2478.9184176456915,2836.2333180278215
2026-09-21,2026-09-22,2,2752.632568359375,2656.2540148168227,2410.5602028179437,2926.9899100559273
2026-09-21,2026-09-23,3,2684.69189453125,2660.319327302872,2364.8227219413207,2992.739733746865
2026-09-21,2026-09-24,4,2687.301513671875,2662.230958136368,2330.200071834715,3041.5730220449545
2026-09-21,2026-09-25,5,2690.4755859375,2660.6354947194823,2294.33453670089,3085.418068953588
2026-09-21,2026-09-26,6,2695.213134765625,2656.526852661351,2259.9230174701834,3122.7324401566398
2026-09-21,2026-09-27,7,2686.9267578125,2656.013828348106,2228.706725026147,3165.2479786426816
2026-09-21,2026-09-28,8,2688.668701171875,2660.94292283746,2199.8204508367735,3218.725071814576
2026-09-21,2026-09-29,9,2676.72216796875,2668.2594276169953,2176.8337080398646,3270.625747282205
2026-09-21,2026-09-30,10,2683.679443359375,2671.3164309985427,2155.77054768464,3310.1535236145555
