date,eth_ret
2025-11-15,0.00212246424773015
2025-11-16,-0.004970457962189285
2025-11-17,-0.009465658395230248
2025-11-18,0.003408323921108036
2025-11-19,-0.0045303600969688745
2025-11-20,0.001341778045964513
2025-11-21,0.004397886634235471
2025-11-22,-0.0004911249120630127
2025-11-23,0.0002827046492924916
2025-11-24,0.0009078914990062732
2025-11-25,0.0005721264015459116
2025-11-26,0.0004015662705378028
2025-11-27,0.0007627186024612574
2025-11-28,0.00016709743084952045
2025-11-29,0.00023756377315093175
2025-11-30,0.000452154779311578
2025-12-01,0.0002947180494255509
2025-12-02,0.0003163513533478916
2025-12-03,0.00033137895147593234
2025-12-04,0.000308272936350077
2025-12-05,0.00031184224095248767
2025-12-06,0.0003307182425542108
2025-12-07,0.0003171427380822752
2025-12-08,0.00031627153965348414
2025-12-09,0.00032439243593325044
2025-12-10,0.0003202423050244186
2025-12-11,0.0003212486336304179
2025-12-12,0.00032195232629124546
2025-12-13,0.0003208869974606445
2025-12-14,0.0003213359006242638
2025-12-15,0.00032192181681383865
2025-12-16,0.00032156267121576543
2025-12-17,0.00032142229632241883
2025-12-18,0.0003215910988432681
2025-12-19,0.0003214694236312723
2025-12-20,0.00032153772927795773
2025-12-21,0.00032157877342435916
2025-12-22,0.00032151236123642996
2025-12-23,0.0003215174812063175
2025-12-24,0.00032153011960491884
2025-12-25,0.00032152281040078606
2025-12-26,0.0003215243409508136
2025-12-27,0.0003215286448245657
2025-12-28,0.0003215226249387554
2025-12-29,0.0003215238154404012
2025-12-30,0.00032152594540275095
2025-12-31,0.00032152393075478736
2026-01-01,0.00032152443252068
2026-01-02,0.00032152488916946864
2026-01-03,0.0003215245332227053
2026-01-04,0.00032152465534578947
2026-01-05,0.00032152476481701463
2026-01-06,0.00032152455813752394
2026-01-07,0.00032152460169898735
2026-01-08,0.0003215247076268961
2026-01-09,0.0003215246522113573
2026-01-10,0.00032152466036562374
2026-01-11,0.00032152466395565874
2026-01-12,0.00032152464359851477
2026-01-13,0.00032152465395633364
2026-01-14,0.00032152466228859073
2026-01-15,0.00032152465652590846
2026-01-16,0.0003215246558088447
2026-01-17,0.00032152465719013885
2026-01-18,0.00032152465518620244
2026-01-19,0.0003215246561381424
2026-01-20,0.0003215246568518698
2026-01-21,0.0003215246560854495
2026-01-22,0.0003215246562713478
2026-01-23,0.00032152465639999535
2026-01-24,0.00032152465619014774
2026-01-25,0.00032152465623023346
2026-01-26,0.000321524656301315
2026-01-27,0.00032152465624958257
2026-01-28,0.0003215246562788622
2026-01-29,0.0003215246562943948
2026-01-30,0.0003215246562581893
2026-01-31,0.0003215246562639801
2026-02-01,0.0003215246562729538
2026-02-02,0.0003215246562699604
2026-02-03,0.00032152465627327743
2026-02-04,0.0003215246562734251
2026-02-05,0.00032152465626960377
2026-02-06,0.0003215246562702203
2026-02-07,0.0003215246562715429
2026-02-08,0.0003215246562710606
2026-02-09,0.0003215246562713695
2026-02-10,0.0003215246562713848
2026-02-11,0.00032152465627100006
2026-02-12,0.0003215246562711012
2026-02-13,0.0003215246562711924
2026-02-14,0.00032152465627113656
2026-02-15,0.0003215246562711722
2026-02-16,0.00032152465627118985
2026-02-17,0.00032152465627115114
2026-02-18,0.0003215246562711553
2026-02-19,0.0003215246562711613
2026-02-20,0.00032152465627115483
2026-02-21,0.0003215246562711623
2026-02-22,0.0003215246562711648
2026-02-23,0.00032152465627116025
2026-02-24,0.0003215246562711599
2026-02-25,0.00032152465627116036
2026-02-26,0.0003215246562711599
2026-02-27,0.0003215246562711609
2026-02-28,0.0003215246562711612
2026-03-01,0.00032152465627116063
2026-03-02,0.0003215246562711606
2026-03-03,0.0003215246562711606
2026-03-04,0.0003215246562711606
2026-03-05,0.00032152465627116074
2026-03-06,0.00032152465627116074
2026-03-07,0.00032152465627116063
2026-03-08,0.0003215246562711607
2026-03-09,0.0003215246562711607
2026-03-10,0.0003215246562711607
2026-03-11,0.0003215246562711607
2026-03-12,0.0003215246562711607
2026-03-13,0.00032152465627116063
2026-03-14,0.0003215246562711607
2026-03-15,0.0003215246562711607
2026-03-16,0.0003215246562711607
2026-03-17,0.0003215246562711607
2026-03-18,0.0003215246562711607
2026-03-19,0.0003215246562711607
2026-03-20,0.0003215246562711607
2026-03-21,0.0003215246562711607
2026-03-22,0.0003215246562711607
2026-03-23,0.0003215246562711607
2026-03-24,0.0003215246562711607
2026-03-25,0.0003215246562711607
2026-03-26,0.0003215246562711607
2026-03-27,0.0003215246562711607
2026-03-28,0.0003215246562711607
2026-03-29,0.0003215246562711607
2026-03-30,0.0003215246562711607
2026-03-31,0.0003215246562711607
2026-04-01,0.0003215246562711607
2026-04-02,0.0003215246562711607
2026-04-03,0.0003215246562711607
2026-04-04,0.0003215246562711607
2026-04-05,0.0003215246562711607
2026-04-06,0.0003215246562711607
2026-04-07,0.0003215246562711607
2026-04-08,0.0003215246562711607
2026-04-09,0.0003215246562711607
2026-04-10,0.0003215246562711607
2026-04-11,0.0003215246562711607
2026-04-12,0.0003215246562711607
2026-04-13,0.0003215246562711607
2026-04-14,0.0003215246562711607
2026-04-15,0.0003215246562711607
2026-04-16,0.0003215246562711607
2026-04-17,0.0003215246562711607
2026-04-18,0.0003215246562711607
2026-04-19,0.0003215246562711607
2026-04-20,0.0003215246562711607
2026-04-21,0.0003215246562711607
2026-04-22,0.0003215246562711607
2026-04-23,0.0003215246562711607
2026-04-24,0.0003215246562711607
2026-04-25,0.0003215246562711607
2026-04-26,0.0003215246562711607
2026-04-27,0.0003215246562711607
2026-04-28,0.0003215246562711607
2026-04-29,0.0003215246562711607
2026-04-30,0.0003215246562711607
2026-05-01,0.0003215246562711607
2026-05-02,0.0003215246562711607
2026-05-03,0.0003215246562711607
2026-05-04,0.0003215246562711607
2026-05-05,0.0003215246562711607
2026-05-06,0.0003215246562711607
2026-05-07,0.0003215246562711607
2026-05-08,0.0003215246562711607
2026-05-09,0.0003215246562711607
2026-05-10,0.0003215246562711607
2026-05-11,0.0003215246562711607
2026-05-12,0.0003215246562711607
2026-05-13,0.0003215246562711607
2026-05-14,0.0003215246562711607
2026-05-15,0.0003215246562711607
2026-05-16,0.0003215246562711607
2026-05-17,0.0003215246562711607
2026-05-18,0.0003215246562711607
2026-05-19,0.0003215246562711607
2026-05-20,0.0003215246562711607
2026-05-21,0.0003215246562711607
2026-05-22,0.0003215246562711607
2026-05-23,0.0003215246562711607
2026-05-24,0.0003215246562711607
2026-05-25,0.0003215246562711607
2026-05-26,0.0003215246562711607
2026-05-27,0.0003215246562711607
2026-05-28,0.0003215246562711607
2026-05-29,0.0003215246562711607
2026-05-30,0.0003215246562711607
2026-05-31,0.0003215246562711607
2026-06-01,0.0003215246562711607
2026-06-02,0.0003215246562711607
2026-06-03,0.0003215246562711607
2026-06-04,0.0003215246562711607
2026-06-05,0.0003215246562711607
2026-06-06,0.0003215246562711607
2026-06-07,0.0003215246562711607
2026-06-08,0.0003215246562711607
2026-06-09,0.0003215246562711607
2026-06-10,0.0003215246562711607
2026-06-11,0.0003215246562711607
2026-06-12,0.0003215246562711607
2026-06-13,0.0003215246562711607
2026-06-14,0.0003215246562711607
2026-06-15,0.0003215246562711607
2026-06-16,0.0003215246562711607
2026-06-17,0.0003215246562711607
2026-06-18,0.0003215246562711607
2026-06-19,0.0003215246562711607
2026-06-20,0.0003215246562711607
2026-06-21,0.0003215246562711607
2026-06-22,0.0003215246562711607
2026-06-23,0.0003215246562711607
2026-06-24,0.0003215246562711607
2026-06-25,0.0003215246562711607
2026-06-26,0.0003215246562711607
2026-06-27,0.0003215246562711607
2026-06-28,0.0003215246562711607
2026-06-29,0.0003215246562711607
2026-06-30,0.0003215246562711607
2026-07-01,0.0003215246562711607
2026-07-02,0.0003215246562711607
2026-07-03,0.0003215246562711607
2026-07-04,0.0003215246562711607
2026-07-05,0.0003215246562711607
2026-07-06,0.0003215246562711607
2026-07-07,0.0003215246562711607
2026-07-08,0.0003215246562711607
2026-07-09,0.0003215246562711607
2026-07-10,0.0003215246562711607
2026-07-11,0.0003215246562711607
2026-07-12,0.0003215246562711607
2026-07-13,0.0003215246562711607
2026-07-14,0.0003215246562711607
2026-07-15,0.0003215246562711607
2026-07-16,0.0003215246562711607
2026-07-17,0.0003215246562711607
2026-07-18,0.0003215246562711607
2026-07-19,0.0003215246562711607
2026-07-20,0.0003215246562711607
2026-07-21,0.0003215246562711607
2026-07-22,0.0003215246562711607
2026-07-23,0.0003215246562711607
2026-07-24,0.0003215246562711607
2026-07-25,0.0003215246562711607
2026-07-26,0.0003215246562711607
2026-07-27,0.0003215246562711607
2026-07-28,0.0003215246562711607
2026-07-29,0.0003215246562711607
2026-07-30,0.0003215246562711607
2026-07-31,0.0003215246562711607
2026-08-01,0.0003215246562711607
2026-08-02,0.0003215246562711607
2026-08-03,0.0003215246562711607
2026-08-04,0.0003215246562711607
2026-08-05,0.0003215246562711607
2026-08-06,0.0003215246562711607
2026-08-07,0.0003215246562711607
2026-08-08,0.0003215246562711607
2026-08-09,0.0003215246562711607
2026-08-10,0.0003215246562711607
2026-08-11,0.0003215246562711607
2026-08-12,0.0003215246562711607
2026-08-13,0.0003215246562711607
2026-08-14,0.0003215246562711607
2026-08-15,0.0003215246562711607
2026-08-16,0.0003215246562711607
2026-08-17,0.0003215246562711607
2026-08-18,0.0003215246562711607
2026-08-19,0.0003215246562711607
2026-08-20,0.0003215246562711607
2026-08-21,0.0003215246562711607
2026-08-22,0.0003215246562711607
2026-08-23,0.0003215246562711607
2026-08-24,0.0003215246562711607
2026-08-25,0.0003215246562711607
2026-08-26,0.0003215246562711607
2026-08-27,0.0003215246562711607
2026-08-28,0.0003215246562711607
2026-08-29,0.0003215246562711607
2026-08-30,0.0003215246562711607
2026-08-31,0.0003215246562711607
2026-09-01,0.0003215246562711607
2026-09-02,0.0003215246562711607
2026-09-03,0.0003215246562711607
2026-09-04,0.0003215246562711607
2026-09-05,0.0003215246562711607
2026-09-06,0.0003215246562711607
2026-09-07,0.0003215246562711607
2026-09-08,0.0003215246562711607
2026-09-09,0.0003215246562711607
2026-09-10,0.0003215246562711607
2026-09-11,0.0003215246562711607
2026-09-12,0.0003215246562711607
2026-09-13,0.0003215246562711607
2026-09-14,0.0003215246562711607
2026-09-15,0.0003215246562711607
2026-09-16,0.0003215246562711607
2026-09-17,0.0003215246562711607
2026-09-18,0.0003215246562711607
2026-09-19,0.0003215246562711607
2026-09-20,0.0003215246562711607
2026-09-21,0.0003215246562711607
2026-09-22,0.0003215246562711607
2026-09-23,0.0003215246562711607
2026-09-24,0.0003215246562711607
2026-09-25,0.0003215246562711607
2026-09-26,0.0003215246562711607
2026-09-27,0.0003215246562711607
2026-09-28,0.0003215246562711607
2026-09-29,0.0003215246562711607
2026-09-30,0.0003215246562711607
