date,btc_ret
2025-11-15,0.0009900544452231526
2025-11-16,-0.0026542833163889466
2025-11-17,-0.0064483281533682935
2025-11-18,0.004068573512942049
2025-11-19,-0.002403328368074732
2025-11-20,0.002268254216165144
2025-11-21,0.0034027625087373887
2025-11-22,0.0008891793191770124
2025-11-23,0.0006705521764561813
2025-11-24,0.0012611301198576848
2025-11-25,0.0010648409829251302
2025-11-26,0.0007388414750897726
2025-11-27,0.0010507913122871514
2025-11-28,0.00051294109237792
2025-11-29,0.0006118580323874475
2025-11-30,0.0007698994528277733
2025-12-01,0.0006687002234417533
2025-12-02,0.0006698987960571017
2025-12-03,0.0006748297523860875
2025-12-04,0.0006632086781181769
2025-12-05,0.0006632540840889385
2025-12-06,0.0006858864806378607
2025-12-07,0.0006736261270699484
2025-12-08,0.0006720668314171276
2025-12-09,0.0006781655106077072
2025-12-10,0.0006751053396549402
2025-12-11,0.0006761940440854325
2025-12-12,0.0006768638458659701
2025-12-13,0.0006762814452864424
2025-12-14,0.0006762765099050638
2025-12-15,0.0006768227409457603
2025-12-16,0.0006765216598014225
2025-12-17,0.0006763750580570123
2025-12-18,0.0006765531177004103
2025-12-19,0.0006764580111344334
2025-12-20,0.0006765073915408805
2025-12-21,0.0006765273339778752
2025-12-22,0.0006764770582276928
2025-12-23,0.000676473379422272
2025-12-24,0.0006764884848247892
2025-12-25,0.0006764868019597448
2025-12-26,0.0006764857183090157
2025-12-27,0.0006764890730048054
2025-12-28,0.0006764831180718891
2025-12-29,0.0006764840182095217
2025-12-30,0.000676486190899739
2025-12-31,0.0006764850890414593
2026-01-01,0.000676485357808077
2026-01-02,0.0006764855791920525
2026-01-03,0.0006764852787635221
2026-01-04,0.0006764852979087479
2026-01-05,0.0006764854744718416
2026-01-06,0.0006764853385130466
2026-01-07,0.0006764853672963112
2026-01-08,0.0006764854465716367
2026-01-09,0.0006764853923681697
2026-01-10,0.0006764853931001603
2026-01-11,0.0006764853983006053
2026-01-12,0.0006764853883152509
2026-01-13,0.0006764853958631256
2026-01-14,0.0006764854030937655
2026-01-15,0.0006764853971302657
2026-01-16,0.0006764853949682283
2026-01-17,0.0006764853965648358
2026-01-18,0.0006764853954885346
2026-01-19,0.0006764853965339326
2026-01-20,0.0006764853970963579
2026-01-21,0.0006764853963333163
2026-01-22,0.0006764853962733827
2026-01-23,0.000676485396408374
2026-01-24,0.0006764853963302061
2026-01-25,0.0006764853963827099
2026-01-26,0.0006764853964555557
2026-01-27,0.0006764853963909968
2026-01-28,0.0006764853963940325
2026-01-29,0.0006764853964072461
2026-01-30,0.0006764853963859579
2026-01-31,0.0006764853963945085
2026-02-01,0.0006764853964034594
2026-02-02,0.0006764853964000094
2026-02-03,0.0006764853963997035
2026-02-04,0.0006764853963995947
2026-02-05,0.0006764853963970192
2026-02-06,0.0006764853963980357
2026-02-07,0.0006764853963995576
2026-02-08,0.0006764853963990601
2026-02-09,0.0006764853963989883
2026-02-10,0.000676485396398871
2026-02-11,0.0006764853963986103
2026-02-12,0.0006764853963987588
2026-02-13,0.000676485396398903
2026-02-14,0.0006764853963988554
2026-02-15,0.0006764853963988416
2026-02-16,0.0006764853963988395
2026-02-17,0.000676485396398809
2026-02-18,0.0006764853963988215
2026-02-19,0.0006764853963988349
2026-02-20,0.0006764853963988306
2026-02-21,0.0006764853963988326
2026-02-22,0.000676485396398832
2026-02-23,0.000676485396398828
2026-02-24,0.0006764853963988285
2026-02-25,0.0006764853963988299
2026-02-26,0.00067648539639883
2026-02-27,0.0006764853963988303
2026-02-28,0.0006764853963988303
2026-03-01,0.0006764853963988298
2026-03-02,0.0006764853963988297
2026-03-03,0.00067648539639883
2026-03-04,0.0006764853963988299
2026-03-05,0.0006764853963988299
2026-03-06,0.00067648539639883
2026-03-07,0.0006764853963988299
2026-03-08,0.0006764853963988298
2026-03-09,0.00067648539639883
2026-03-10,0.0006764853963988299
2026-03-11,0.0006764853963988299
2026-03-12,0.00067648539639883
2026-03-13,0.0006764853963988299
2026-03-14,0.0006764853963988299
2026-03-15,0.00067648539639883
2026-03-16,0.0006764853963988299
2026-03-17,0.0006764853963988299
2026-03-18,0.00067648539639883
2026-03-19,0.0006764853963988299
2026-03-20,0.0006764853963988299
2026-03-21,0.00067648539639883
2026-03-22,0.0006764853963988299
2026-03-23,0.0006764853963988299
2026-03-24,0.00067648539639883
2026-03-25,0.0006764853963988299
2026-03-26,0.0006764853963988299
2026-03-27,0.00067648539639883
2026-03-28,0.0006764853963988299
2026-03-29,0.0006764853963988299
2026-03-30,0.00067648539639883
2026-03-31,0.0006764853963988299
2026-04-01,0.0006764853963988299
2026-04-02,0.00067648539639883
2026-04-03,0.0006764853963988299
2026-04-04,0.0006764853963988299
2026-04-05,0.00067648539639883
2026-04-06,0.0006764853963988299
2026-04-07,0.0006764853963988299
2026-04-08,0.00067648539639883
2026-04-09,0.0006764853963988299
2026-04-10,0.0006764853963988299
2026-04-11,0.00067648539639883
2026-04-12,0.0006764853963988299
2026-04-13,0.0006764853963988299
2026-04-14,0.00067648539639883
2026-04-15,0.0006764853963988299
2026-04-16,0.0006764853963988299
2026-04-17,0.00067648539639883
2026-04-18,0.0006764853963988299
2026-04-19,0.0006764853963988299
2026-04-20,0.00067648539639883
2026-04-21,0.0006764853963988299
2026-04-22,0.0006764853963988299
2026-04-23,0.00067648539639883
2026-04-24,0.0006764853963988299
2026-04-25,0.0006764853963988299
2026-04-26,0.00067648539639883
2026-04-27,0.0006764853963988299
2026-04-28,0.0006764853963988299
2026-04-29,0.00067648539639883
2026-04-30,0.0006764853963988299
2026-05-01,0.0006764853963988299
2026-05-02,0.00067648539639883
2026-05-03,0.0006764853963988299
2026-05-04,0.0006764853963988299
2026-05-05,0.00067648539639883
2026-05-06,0.0006764853963988299
2026-05-07,0.0006764853963988299
2026-05-08,0.00067648539639883
2026-05-09,0.0006764853963988299
2026-05-10,0.0006764853963988299
2026-05-11,0.00067648539639883
2026-05-12,0.0006764853963988299
2026-05-13,0.0006764853963988299
2026-05-14,0.00067648539639883
2026-05-15,0.0006764853963988299
2026-05-16,0.0006764853963988299
2026-05-17,0.00067648539639883
2026-05-18,0.0006764853963988299
2026-05-19,0.0006764853963988299
2026-05-20,0.00067648539639883
2026-05-21,0.0006764853963988299
2026-05-22,0.0006764853963988299
2026-05-23,0.00067648539639883
2026-05-24,0.0006764853963988299
2026-05-25,0.0006764853963988299
2026-05-26,0.00067648539639883
2026-05-27,0.0006764853963988299
2026-05-28,0.0006764853963988299
2026-05-29,0.00067648539639883
2026-05-30,0.0006764853963988299
2026-05-31,0.0006764853963988299
2026-06-01,0.00067648539639883
2026-06-02,0.0006764853963988299
2026-06-03,0.0006764853963988299
2026-06-04,0.00067648539639883
2026-06-05,0.0006764853963988299
2026-06-06,0.0006764853963988299
2026-06-07,0.00067648539639883
2026-06-08,0.0006764853963988299
2026-06-09,0.0006764853963988299
2026-06-10,0.00067648539639883
2026-06-11,0.0006764853963988299
2026-06-12,0.0006764853963988299
2026-06-13,0.00067648539639883
2026-06-14,0.0006764853963988299
2026-06-15,0.0006764853963988299
2026-06-16,0.00067648539639883
2026-06-17,0.0006764853963988299
2026-06-18,0.0006764853963988299
2026-06-19,0.00067648539639883
2026-06-20,0.0006764853963988299
2026-06-21,0.0006764853963988299
2026-06-22,0.00067648539639883
2026-06-23,0.0006764853963988299
2026-06-24,0.0006764853963988299
2026-06-25,0.00067648539639883
2026-06-26,0.0006764853963988299
2026-06-27,0.0006764853963988299
2026-06-28,0.00067648539639883
2026-06-29,0.0006764853963988299
2026-06-30,0.0006764853963988299
2026-07-01,0.00067648539639883
2026-07-02,0.0006764853963988299
2026-07-03,0.0006764853963988299
2026-07-04,0.00067648539639883
2026-07-05,0.0006764853963988299
2026-07-06,0.0006764853963988299
2026-07-07,0.00067648539639883
2026-07-08,0.0006764853963988299
2026-07-09,0.0006764853963988299
2026-07-10,0.00067648539639883
2026-07-11,0.0006764853963988299
2026-07-12,0.0006764853963988299
2026-07-13,0.00067648539639883
2026-07-14,0.0006764853963988299
2026-07-15,0.0006764853963988299
2026-07-16,0.00067648539639883
2026-07-17,0.0006764853963988299
2026-07-18,0.0006764853963988299
2026-07-19,0.00067648539639883
2026-07-20,0.0006764853963988299
2026-07-21,0.0006764853963988299
2026-07-22,0.00067648539639883
2026-07-23,0.0006764853963988299
2026-07-24,0.0006764853963988299
2026-07-25,0.00067648539639883
2026-07-26,0.0006764853963988299
2026-07-27,0.0006764853963988299
2026-07-28,0.00067648539639883
2026-07-29,0.0006764853963988299
2026-07-30,0.0006764853963988299
2026-07-31,0.00067648539639883
2026-08-01,0.0006764853963988299
2026-08-02,0.0006764853963988299
2026-08-03,0.00067648539639883
2026-08-04,0.0006764853963988299
2026-08-05,0.0006764853963988299
2026-08-06,0.00067648539639883
2026-08-07,0.0006764853963988299
2026-08-08,0.0006764853963988299
2026-08-09,0.00067648539639883
2026-08-10,0.0006764853963988299
2026-08-11,0.0006764853963988299
2026-08-12,0.00067648539639883
2026-08-13,0.0006764853963988299
2026-08-14,0.0006764853963988299
2026-08-15,0.00067648539639883
2026-08-16,0.0006764853963988299
2026-08-17,0.0006764853963988299
2026-08-18,0.00067648539639883
2026-08-19,0.0006764853963988299
2026-08-20,0.0006764853963988299
2026-08-21,0.00067648539639883
2026-08-22,0.0006764853963988299
2026-08-23,0.0006764853963988299
2026-08-24,0.00067648539639883
2026-08-25,0.0006764853963988299
2026-08-26,0.0006764853963988299
2026-08-27,0.00067648539639883
2026-08-28,0.0006764853963988299
2026-08-29,0.0006764853963988299
2026-08-30,0.00067648539639883
2026-08-31,0.0006764853963988299
2026-09-01,0.0006764853963988299
2026-09-02,0.00067648539639883
2026-09-03,0.0006764853963988299
2026-09-04,0.0006764853963988299
2026-09-05,0.00067648539639883
2026-09-06,0.0006764853963988299
2026-09-07,0.0006764853963988299
2026-09-08,0.00067648539639883
2026-09-09,0.0006764853963988299
2026-09-10,0.0006764853963988299
2026-09-11,0.00067648539639883
2026-09-12,0.0006764853963988299
2026-09-13,0.0006764853963988299
2026-09-14,0.00067648539639883
2026-09-15,0.0006764853963988299
2026-09-16,0.0006764853963988299
2026-09-17,0.00067648539639883
2026-09-18,0.0006764853963988299
2026-09-19,0.0006764853963988299
2026-09-20,0.00067648539639883
2026-09-21,0.0006764853963988299
2026-09-22,0.0006764853963988299
2026-09-23,0.00067648539639883
2026-09-24,0.0006764853963988299
2026-09-25,0.0006764853963988299
2026-09-26,0.00067648539639883
2026-09-27,0.0006764853963988299
2026-09-28,0.0006764853963988299
2026-09-29,0.00067648539639883
2026-09-30,0.0006764853963988299
