date,eth_logp
2025-11-15,8.04687176078101
2025-11-16,8.044501405226807
2025-11-17,8.04076297616958
2025-11-18,8.045454557032254
2025-11-19,8.041812570457989
2025-11-20,8.046846797307428
2025-11-21,8.050284455920458
2025-11-22,8.052798120009104
2025-11-23,8.055735529657362
2025-11-24,8.058674496807129
2025-11-25,8.061338181437987
2025-11-26,8.06434989182792
2025-11-27,8.067217366813429
2025-11-28,8.070066949875192
2025-11-29,8.072967919013976
2025-11-30,8.07582106321816
2025-12-01,8.078670239374135
2025-12-02,8.081522522471536
2025-12-03,8.084368640165646
2025-12-04,8.0872158823332
2025-12-05,8.090060230526355
2025-12-06,8.092897749504685
2025-12-07,8.095731620671277
2025-12-08,8.09856148548462
2025-12-09,8.101387804213061
2025-12-10,8.10421091297802
2025-12-11,8.107030264826077
2025-12-12,8.10984583514473
2025-12-13,8.112657652411318
2025-12-14,8.115465693765914
2025-12-15,8.118270060753487
2025-12-16,8.121070782600036
2025-12-17,8.123867844506714
2025-12-18,8.126661250938772
2025-12-19,8.1294509952708
2025-12-20,8.13223708405372
2025-12-21,8.135019534016394
2025-12-22,8.137798356522392
2025-12-23,8.140573561019492
2025-12-24,8.143345155271897
2025-12-25,8.146113145889718
2025-12-26,8.148877540901431
2025-12-27,8.151638349103074
2025-12-28,8.154395579326716
2025-12-29,8.157149240325733
2025-12-30,8.15989934051581
2025-12-31,8.16264588814819
2026-01-01,8.165388891511123
2026-01-02,8.16812835894099
2026-01-03,8.170864298811768
2026-01-04,8.173596719488009
2026-01-05,8.176325629287302
2026-01-06,8.179051036488092
2026-01-07,8.181772949343651
2026-01-08,8.184491376091978
2026-01-09,8.187206324959371
2026-01-10,8.189917804156021
2026-01-11,8.192625821871859
2026-01-12,8.195330386275458
2026-01-13,8.198031505514624
2026-01-14,8.2007291877178
2026-01-15,8.203423440994875
2026-01-16,8.206114273437137
2026-01-17,8.208801693116934
2026-01-18,8.211485708087437
2026-01-19,8.214166326382632
2026-01-20,8.216843556017452
2026-01-21,8.219517404987945
2026-01-22,8.222187881271346
2026-01-23,8.224854992826105
2026-01-24,8.227518747591889
2026-01-25,8.230179153489626
2026-01-26,8.23283621842153
2026-01-27,8.235489950271166
2026-01-28,8.238140356903502
2026-01-29,8.240787446164948
2026-01-30,8.243431225883407
2026-01-31,8.246071703868306
2026-02-01,8.248708887910649
2026-02-02,8.251342785783043
2026-02-03,8.253973405239769
2026-02-04,8.2566007540168
2026-02-05,8.25922483983186
2026-02-06,8.261845670384456
2026-02-07,8.264463253355935
2026-02-08,8.267077596409509
2026-02-09,8.269688707190316
2026-02-10,8.27229659332545
2026-02-11,8.274901262424008
2026-02-12,8.277502722077134
2026-02-13,8.280100979858059
2026-02-14,8.282696043322138
2026-02-15,8.285287920006907
2026-02-16,8.287876617432104
2026-02-17,8.290462143099735
2026-02-18,8.293044504494096
2026-02-19,8.295623709081825
2026-02-20,8.298199764311947
2026-02-21,8.300772677615901
2026-02-22,8.30334245640759
2026-02-23,8.30590910808343
2026-02-24,8.30847264002238
2026-02-25,8.311033059585984
2026-02-26,8.313590374118421
2026-02-27,8.316144590946537
2026-02-28,8.31869571737989
2026-03-01,8.32124376071079
2026-03-02,8.323788728214339
2026-03-03,8.326330627148469
2026-03-04,8.328869464753993
2026-03-05,8.331405248254631
2026-03-06,8.33393798485706
2026-03-07,8.336467681750953
2026-03-08,8.33899434610902
2026-03-09,8.341517985087034
2026-03-10,8.344038605823897
2026-03-11,8.346556215441659
2026-03-12,8.349070821045567
2026-03-13,8.351582429724099
2026-03-14,8.354091048549007
2026-03-15,8.356596684575354
2026-03-16,8.359099344841562
2026-03-17,8.361599036369439
2026-03-18,8.364095766164223
2026-03-19,8.366589541214625
2026-03-20,8.36908036849287
2026-03-21,8.37156825495472
2026-03-22,8.374053207539532
2026-03-23,8.376535233170285
2026-03-24,8.37901433875362
2026-03-25,8.381490531179884
2026-03-26,8.383963817323163
2026-03-27,8.386434204041326
2026-03-28,8.388901698176056
2026-03-29,8.391366306552893
2026-03-30,8.39382803598127
2026-03-31,8.396286893254556
2026-04-01,8.398742885150085
2026-04-02,8.401196018429202
2026-04-03,8.403646299837295
2026-04-04,8.406093736103836
2026-04-05,8.408538333942419
2026-04-06,8.410980100050791
2026-04-07,8.413419041110904
2026-04-08,8.415855163788938
2026-04-09,8.418288474735338
2026-04-10,8.420718980584862
2026-04-11,8.423146687956612
2026-04-12,8.425571603454065
2026-04-13,8.42799373366513
2026-04-14,8.430413085162156
2026-04-15,8.432829664501991
2026-04-16,8.435243478226006
2026-04-17,8.437654532860142
2026-04-18,8.440062834914936
2026-04-19,8.442468390885566
2026-04-20,8.444871207251884
2026-04-21,8.447271290478449
2026-04-22,8.449668647014569
2026-04-23,8.452063283294327
2026-04-24,8.454455205736629
2026-04-25,8.456844420745233
2026-04-26,8.45923093470879
2026-04-27,8.461614754000873
2026-04-28,8.463995884980017
2026-04-29,8.466374333989744
2026-04-30,8.46875010735862
2026-05-01,8.471123211400272
2026-05-02,8.47349365241343
2026-05-03,8.475861436681956
2026-05-04,8.478226570474892
2026-05-05,8.480589060046482
2026-05-06,8.482948911636218
2026-05-07,8.485306131468862
2026-05-08,8.487660725754493
2026-05-09,8.490012700688528
2026-05-10,8.492362062451772
2026-05-11,8.494708817210444
2026-05-12,8.497052971116211
2026-05-13,8.49939453030623
2026-05-14,8.501733500903171
2026-05-15,8.504069889015252
2026-05-16,8.50640370073629
2026-05-17,8.508734942145713
2026-05-18,8.511063619308606
2026-05-19,8.51338973827574
2026-05-20,8.515713305083612
2026-05-21,8.518034325754474
2026-05-22,8.52035280629637
2026-05-23,8.52266875270316
2026-05-24,8.52498217095457
2026-05-25,8.527293067016204
2026-05-26,8.529601446839601
2026-05-27,8.531907316362245
2026-05-28,8.534210681507622
2026-05-29,8.53651154818523
2026-05-30,8.53880992229063
2026-05-31,8.541105809705462
2026-06-01,8.5433992162975
2026-06-02,8.545690147920663
2026-06-03,8.547978610415058
2026-06-04,8.550264609607007
2026-06-05,8.552548151309098
2026-06-06,8.554829241320187
2026-06-07,8.557107885425458
2026-06-08,8.559384089396442
2026-06-09,8.56165785899104
2026-06-10,8.56392919995358
2026-06-11,8.566198118014835
2026-06-12,8.568464618892044
2026-06-13,8.570728708288962
2026-06-14,8.572990391895889
2026-06-15,8.575249675389694
2026-06-16,8.577506564433845
2026-06-17,8.579761064678452
2026-06-18,8.5820131817603
2026-06-19,8.58426292130285
2026-06-20,8.586510288916319
2026-06-21,8.588755290197675
2026-06-22,8.590997930730675
2026-06-23,8.593238216085906
2026-06-24,8.59547615182081
2026-06-25,8.597711743479714
2026-06-26,8.599944996593855
2026-06-27,8.602175916681434
2026-06-28,8.604404509247617
2026-06-29,8.606630779784586
2026-06-30,8.608854733771564
2026-07-01,8.611076376674838
2026-07-02,8.613295713947803
2026-07-03,8.61551275103099
2026-07-04,8.617727493352076
2026-07-05,8.619939946325946
2026-07-06,8.622150115354701
2026-07-07,8.624358005827697
2026-07-08,8.626563623121568
2026-07-09,8.62876697260027
2026-07-10,8.63096805961509
2026-07-11,8.633166889504706
2026-07-12,8.635363467595177
2026-07-13,8.637557799200009
2026-07-14,8.639749889620163
2026-07-15,8.641939744144093
2026-07-16,8.644127368047773
2026-07-17,8.64631276659473
2026-07-18,8.648495945036073
2026-07-19,8.650676908610514
2026-07-20,8.65285566254441
2026-07-21,8.655032212051776
2026-07-22,8.657206562334332
2026-07-23,8.659378718581522
2026-07-24,8.661548685970542
2026-07-25,8.663716469666372
2026-07-26,8.665882074821813
2026-07-27,8.668045506577489
2026-07-28,8.670206770061913
2026-07-29,8.672365870391484
2026-07-30,8.674522812670535
2026-07-31,8.67667760199135
2026-08-01,8.678830243434197
2026-08-02,8.680980742067357
2026-08-03,8.683129102947154
2026-08-04,8.685275331117976
2026-08-05,8.687419431612314
2026-08-06,8.689561409450778
2026-08-07,8.691701269642136
2026-08-08,8.693839017183336
2026-08-09,8.695974657059528
2026-08-10,8.69810819424411
2026-08-11,8.70023963369874
2026-08-12,8.70236898037336
2026-08-13,8.70449623920624
2026-08-14,8.706621415124
2026-08-15,8.708744513041628
2026-08-16,8.710865537862517
2026-08-17,8.71298449447849
2026-08-18,8.715101387769826
2026-08-19,8.717216222605288
2026-08-20,8.719329003842152
2026-08-21,8.72143973632623
2026-08-22,8.723548424891908
2026-08-23,8.72565507436215
2026-08-24,8.72775968954855
2026-08-25,8.729862275251342
2026-08-26,8.731962836259438
2026-08-27,8.734061377350445
2026-08-28,8.736157903290701
2026-08-29,8.738252418835296
2026-08-30,8.740344928728103
2026-08-31,8.742435437701788
2026-09-01,8.744523950477864
2026-09-02,8.746610471766695
2026-09-03,8.748695006267535
2026-09-04,8.750777558668542
2026-09-05,8.75285813364682
2026-09-06,8.75493673586843
2026-09-07,8.757013369988425
2026-09-08,8.759088040650873
2026-09-09,8.761160752488887
2026-09-10,8.763231510124644
2026-09-11,8.765300318169414
2026-09-12,8.767367181223586
2026-09-13,8.769432103876696
2026-09-14,8.771495090707452
2026-09-15,8.773556146283749
2026-09-16,8.77561527516271
2026-09-17,8.777672481890706
2026-09-18,8.779727771003378
2026-09-19,8.78178114702566
2026-09-20,8.783832614471814
2026-09-21,8.785882177845448
2026-09-22,8.787929841639544
2026-09-23,8.789975610336482
2026-09-24,8.792019488408064
2026-09-25,8.794061480315536
2026-09-26,8.796101590509629
2026-09-27,8.79813982343056
2026-09-28,8.800176183508071
2026-09-29,8.802210675161456
2026-09-30,8.804243302799577
