date,btc_logp
2025-11-15,11.459094686561786
2025-11-16,11.457567236955692
2025-11-17,11.45487043324434
2025-11-18,11.459750843463267
2025-11-19,11.457316928641541
2025-11-20,11.461538627220708
2025-11-21,11.463542100426652
2025-11-22,11.465228892465241
2025-11-23,11.467156509965855
2025-11-24,11.469261160618052
2025-11-25,11.471098043181524
2025-11-26,11.473187250638578
2025-11-27,11.475050184726202
2025-11-28,11.476891634583842
2025-11-29,11.478784828131275
2025-11-30,11.480650321890161
2025-12-01,11.48252075766981
2025-12-02,11.484391318124965
2025-12-03,11.486250124728823
2025-12-04,11.488106970689632
2025-12-05,11.489962295041652
2025-12-06,11.49181402019647
2025-12-07,11.493665217481048
2025-12-08,11.495514567806875
2025-12-09,11.49736175922663
2025-12-10,11.499207029734471
2025-12-11,11.501050208814226
2025-12-12,11.502891543269447
2025-12-13,11.504731169852015
2025-12-14,11.506569021260194
2025-12-15,11.508405095606932
2025-12-16,11.510239373737182
2025-12-17,11.512071848116934
2025-12-18,11.513902547959793
2025-12-19,11.515731484639764
2025-12-20,11.517558664462884
2025-12-21,11.519384092239413
2025-12-22,11.521207767939542
2025-12-23,11.523029694430535
2025-12-24,11.524849876819784
2025-12-25,11.526668320007586
2025-12-26,11.528485028991104
2025-12-27,11.530300008063383
2025-12-28,11.532113260977093
2025-12-29,11.5339247916126
2025-12-30,11.535734603978172
2025-12-31,11.53754270219143
2026-01-01,11.539349090407336
2026-01-02,11.541153772705863
2026-01-03,11.542956753105688
2026-01-04,11.544758035601257
2026-01-05,11.546557624182041
2026-01-06,11.548355522845073
2026-01-07,11.550151735586823
2026-01-08,11.55194626639254
2026-01-09,11.553739119233548
2026-01-10,11.555530298068005
2026-01-11,11.557319806843848
2026-01-12,11.559107649500982
2026-01-13,11.560893829971223
2026-01-14,11.562678352177542
2026-01-15,11.564461220033419
2026-01-16,11.566242437442641
2026-01-17,11.568022008299538
2026-01-18,11.569799936489273
2026-01-19,11.571576225887963
2026-01-20,11.573350880362653
2026-01-21,11.575123903771294
2026-01-22,11.576895299962693
2026-01-23,11.57866507277654
2026-01-24,11.580433226043452
2026-01-25,11.582199763585013
2026-01-26,11.5839646892138
2026-01-27,11.585728006733397
2026-01-28,11.587489719938418
2026-01-29,11.589249832614518
2026-01-30,11.591008348538413
2026-01-31,11.592765271477909
2026-02-01,11.594520605191919
2026-02-02,11.596274353430491
2026-02-03,11.598026519934821
2026-02-04,11.599777108437282
2026-02-05,11.601526122661438
2026-02-06,11.60327356632206
2026-02-07,11.60501944312516
2026-02-08,11.606763756768007
2026-02-09,11.60850651093914
2026-02-10,11.610247709318392
2026-02-11,11.611987355576922
2026-02-12,11.613725453377223
2026-02-13,11.61546200637314
2026-02-14,11.617197018209902
2026-02-15,11.618930492524136
2026-02-16,11.620662432943886
2026-02-17,11.622392843088635
2026-02-18,11.624121726569328
2026-02-19,11.625849086988387
2026-02-20,11.62757492793973
2026-02-21,11.629299253008798
2026-02-22,11.631022065772576
2026-02-23,11.6327433697996
2026-02-24,11.634463168649992
2026-02-25,11.636181465875474
2026-02-26,11.637898265019382
2026-02-27,11.639613569616689
2026-02-28,11.641327383194033
2026-03-01,11.643039709269729
2026-03-02,11.644750551353791
2026-03-03,11.646459912947943
2026-03-04,11.648167797545655
2026-03-05,11.649874208632152
2026-03-06,11.651579149684428
2026-03-07,11.653282624171279
2026-03-08,11.654984635553314
2026-03-09,11.65668518728298
2026-03-10,11.65838428280457
2026-03-11,11.660081925554255
2026-03-12,11.661778118960099
2026-03-13,11.663472866442069
2026-03-14,11.66516617141207
2026-03-15,11.66685803727395
2026-03-16,11.668548467423529
2026-03-17,11.670237465248617
2026-03-18,11.67192503412902
2026-03-19,11.67361117743658
2026-03-20,11.675295898535174
2026-03-21,11.676979200780751
2026-03-22,11.678661087521332
2026-03-23,11.680341562097036
2026-03-24,11.682020627840107
2026-03-25,11.683698288074925
2026-03-26,11.685374546118023
2026-03-27,11.687049405278113
2026-03-28,11.688722868856095
2026-03-29,11.690394940145076
2026-03-30,11.692065622430404
2026-03-31,11.693734918989666
2026-04-01,11.695402833092716
2026-04-02,11.697069368001694
2026-04-03,11.698734526971041
2026-04-04,11.700398313247522
2026-04-05,11.702060730070237
2026-04-06,11.703721780670643
2026-04-07,11.705381468272572
2026-04-08,11.707039796092252
2026-04-09,11.708696767338317
2026-04-10,11.710352385211836
2026-04-11,11.712006652906316
2026-04-12,11.713659573607739
2026-04-13,11.715311150494555
2026-04-14,11.716961386737726
2026-04-15,11.718610285500727
2026-04-16,11.720257849939571
2026-04-17,11.721904083202817
2026-04-18,11.723548988431602
2026-04-19,11.72519256875965
2026-04-20,11.72683482731329
2026-04-21,11.728475767211464
2026-04-22,11.730115391565768
2026-04-23,11.731753703480448
2026-04-24,11.733390706052433
2026-04-25,11.735026402371332
2026-04-26,11.736660795519477
2026-04-27,11.73829388857191
2026-04-28,11.739925684596436
2026-04-29,11.74155618665361
2026-04-30,11.743185397796763
2026-05-01,11.744813321072028
2026-05-02,11.746439959518348
2026-05-03,11.74806531616749
2026-05-04,11.74968939404408
2026-05-05,11.75131219616559
2026-05-06,11.752933725542384
2026-05-07,11.754553985177719
2026-05-08,11.756172978067758
2026-05-09,11.757790707201613
2026-05-10,11.759407175561318
2026-05-11,11.76102238612189
2026-05-12,11.76263634185132
2026-05-13,11.764249045710589
2026-05-14,11.765860500653703
2026-05-15,11.767470709627686
2026-05-16,11.769079675572614
2026-05-17,11.770687401421624
2026-05-18,11.772293890100935
2026-05-19,11.773899144529855
2026-05-20,11.775503167620808
2026-05-21,11.777105962279347
2026-05-22,11.77870753140416
2026-05-23,11.780307877887104
2026-05-24,11.781907004613215
2026-05-25,11.783504914460707
2026-05-26,11.78510161030102
2026-05-27,11.786697094998802
2026-05-28,11.788291371411947
2026-05-29,11.789884442391616
2026-05-30,11.791476310782224
2026-05-31,11.79306697942149
2026-06-01,11.794656451140426
2026-06-02,11.796244728763373
2026-06-03,11.797831815108
2026-06-04,11.799417712985322
2026-06-05,11.801002425199743
2026-06-06,11.802585954549023
2026-06-07,11.804168303824344
2026-06-08,11.80574947581028
2026-06-09,11.807329473284852
2026-06-10,11.80890829901951
2026-06-11,11.810485955779182
2026-06-12,11.812062446322257
2026-06-13,11.813637773400622
2026-06-14,11.815211939759667
2026-06-15,11.816784948138302
2026-06-16,11.818356801268989
2026-06-17,11.819927501877721
2026-06-18,11.821497052684075
2026-06-19,11.823065456401197
2026-06-20,11.824632715735845
2026-06-21,11.826198833388382
2026-06-22,11.8277638120528
2026-06-23,11.829327654416728
2026-06-24,11.830890363161467
2026-06-25,11.83245194096198
2026-06-26,11.834012390486922
2026-06-27,11.83557171439865
2026-06-28,11.837129915353241
2026-06-29,11.838686996000499
2026-06-30,11.840242958983978
2026-07-01,11.841797806940997
2026-07-02,11.843351542502653
2026-07-03,11.844904168293827
2026-07-04,11.84645568693321
2026-07-05,11.848006101033313
2026-07-06,11.849555413200486
2026-07-07,11.851103626034927
2026-07-08,11.852650742130697
2026-07-09,11.854196764075734
2026-07-10,11.85574169445187
2026-07-11,11.85728553583485
2026-07-12,11.858828290794339
2026-07-13,11.860369961893936
2026-07-14,11.86191055169119
2026-07-15,11.863450062737618
2026-07-16,11.864988497578716
2026-07-17,11.866525858753976
2026-07-18,11.868062148796888
2026-07-19,11.869597370234972
2026-07-20,11.871131525589782
2026-07-21,11.872664617376923
2026-07-22,11.874196648106063
2026-07-23,11.875727620280943
2026-07-24,11.877257536399409
2026-07-25,11.878786398953398
2026-07-26,11.880314210428976
2026-07-27,11.881840973306343
2026-07-28,11.883366690059837
2026-07-29,11.884891363157971
2026-07-30,11.886414995063424
2026-07-31,11.887937588233065
2026-08-01,11.889459145117971
2026-08-02,11.890979668163428
2026-08-03,11.892499159808954
2026-08-04,11.894017622488315
2026-08-05,11.89553505862953
2026-08-06,11.897051470654889
2026-08-07,11.898566860980964
2026-08-08,11.900081232018636
2026-08-09,11.901594586173076
2026-08-10,11.903106925843803
2026-08-11,11.904618253424657
2026-08-12,11.906128571303837
2026-08-13,11.907637881863906
2026-08-14,11.909146187481799
2026-08-15,11.910653490528853
2026-08-16,11.9121597933708
2026-08-17,11.913665098367792
2026-08-18,11.915169407874417
2026-08-19,11.916672724239703
2026-08-20,11.918175049807132
2026-08-21,11.919676386914665
2026-08-22,11.921176737894733
2026-08-23,11.922676105074274
2026-08-24,11.92417449077473
2026-08-25,11.92567189731207
2026-08-26,11.927168326996792
2026-08-27,11.928663782133949
2026-08-28,11.930158265023149
2026-08-29,11.931651777958576
2026-08-30,11.933144323228998
2026-08-31,11.934635903117785
2026-09-01,11.936126519902919
2026-09-02,11.937616175857006
2026-09-03,11.93910487324729
2026-09-04,11.94059261433566
2026-09-05,11.94207940137868
2026-09-06,11.943565236627578
2026-09-07,11.945050122328272
2026-09-08,11.94653406072138
2026-09-09,11.948017054042237
2026-09-10,11.949499104520903
2026-09-11,11.950980214382174
2026-09-12,11.952460385845589
2026-09-13,11.953939621125462
2026-09-14,11.955417922430879
2026-09-15,11.956895291965706
2026-09-16,11.958371731928613
2026-09-17,11.959847244513085
2026-09-18,11.96132183190743
2026-09-19,11.962795496294785
2026-09-20,11.964268239853144
2026-09-21,11.965740064755362
2026-09-22,11.967210973169161
2026-09-23,11.968680967257152
2026-09-24,11.970150049176839
2026-09-25,11.971618221080636
2026-09-26,11.973085485115881
2026-09-27,11.974551843424846
2026-09-28,11.97601729814474
2026-09-29,11.977481851407742
2026-09-30,11.978945505340985
