Date,Forecast_Var,Realized_Var,Return,EWMA_Var,HIST_Var,VaR_5,VaR_1
2025-11-15,21.21604702941495,4.0183467442381575,2.0045814386644802,15.764549322142127,11.489386397338551,-6.432075608940703,-12.121465037427622
2025-11-16,19.72139881656236,5.558370799037456,-2.35761973164407,15.059777167467887,11.660352113720286,-6.197838592806196,-11.682998443614727
2025-11-17,18.661890006529667,4.987868333293958,-2.2333536068643403,14.48969278536206,11.724234841700651,-6.028975549802969,-11.364035464363495
2025-11-18,17.66111761404101,10.258396803305025,3.20287321061965,13.919583318237972,11.622641515723759,-5.864852317129065,-11.054321603201709
2025-11-19,17.28020470528962,10.571744372335186,-3.2514219000823603,13.699912127341994,11.81782959669248,-5.8016276404619775,-10.933025327059473
2025-11-20,17.09844909615148,42.73040638857351,-6.53684988267082,13.512222062041586,11.98808454408394,-5.774677334915278,-10.877168517361362
2025-11-21,20.69876199808944,5.574865169849968,-2.361115238579,15.265313121633502,12.924158723504009,-6.365068901704581,-11.977666119060611
2025-11-22,19.521240224014168,0.004757072328619386,0.06897153274083001,14.683886244526489,12.963128932011768,-6.181171673120622,-11.63107848351193
2025-11-23,17.821036205260075,1.4968588397498477,1.22346182602885,13.803138494194616,12.82569602553257,-5.900594155211867,-11.109122153252112
2025-11-24,16.471057974796256,27.56955483898934,5.25067184643921,13.06476171492793,12.680929362464433,-5.668102368445148,-10.676184915583482
2025-11-25,18.16920476563247,0.031232968804827486,0.17672851723711,13.935049302371615,13.927023194940979,-5.95913558390099,-11.216454318901313
2025-11-26,16.636794723775477,5.451490945117701,2.33484280950939,13.100820322357606,12.73808168822652,-5.696782710551312,-10.728878938758774
2025-11-27,15.848070381985286,0.1929195165606292,-0.43922604267123005,12.641860559723211,13.126088196790816,-5.558118330199104,-10.468686103069244
2025-11-28,14.616206941134585,0.34514249243963235,0.58748829132131,11.894924097133455,12.939582941073347,-5.332889952870226,-10.050051923481403
2025-11-29,13.521511047034837,1.818721368028518,-1.34859978052368,11.201937200851823,12.970286308495462,-5.123858807169948,-9.662240233853625
2025-11-30,12.754321082860692,0.00020392119489403255,0.014280097860099998,10.638944250882425,12.877813952316007,-4.974529213297536,-9.382616552623729
2025-12-01,11.838718339830068,43.947318373490575,-6.62927736435055,10.000619831101172,12.776085995815608,-4.787536720757053,-9.035942851951901
2025-12-02,16.22973305272329,46.56476888377391,6.8238382808925,12.037421743644536,13.755363498000692,-5.621784047556291,-10.595516398564998
2025-12-03,20.134901397975867,39.17286592536918,6.2588230463378,14.1090625720523,15.663195504681365,-6.270571357299328,-11.80946034674272
2025-12-04,22.784153721246838,3.2769752098433464,-1.8102417545298601,15.612890773251314,15.337437191001136,-6.676878839528255,-12.567103179375323
2025-12-05,21.067112680225563,12.735982292590494,-3.56875080281469,14.872735839446834,12.888248449365342,-6.418062117575424,-12.08188625595719
2025-12-06,20.697040306472164,0.27063575165016984,0.52022663489115,14.744530626635454,12.648115214755054,-6.36465302026566,-11.976704518784906
2025-12-07,18.86034993063902,0.47808652949314534,0.69143801565516,13.876096934136335,12.372987759712498,-6.070145590882872,-11.428496063810211
2025-12-08,17.27756553810088,4.267283401739028,2.06574040037441,13.072216309857742,11.879454159697016,-5.804399746367874,-10.934062988231076
2025-12-09,16.283439710722686,36.96995861530038,6.08029264224185,12.54392033537062,12.055384765797422,-5.632075976290864,-10.611559246381454
2025-12-10,19.06398349697635,0.016549139736987604,0.12864345975209002,14.009482632166407,12.394428421146324,-6.102403779669637,-11.488296085628745
2025-12-11,17.41899050440001,7.248185018397243,-2.69224534884866,13.16990662262064,12.398282998117187,-5.827418094340649,-10.976950027136844
2025-12-12,16.838046706109406,23.407332822624873,-4.83811252686674,12.814603326367237,12.021629260968485,-5.73111890973615,-10.792811674188009
2025-12-13,18.20133066923514,1.1003638547385013,1.0489822947688399,13.450167096142696,12.719553797272228,-5.9668816864949825,-11.22721023190318
2025-12-14,16.766486002573448,3.299306635425273,-1.81639936011475,12.709178901658444,11.873230812808622,-5.721861988490578,-10.771392555805102
2025-12-15,15.800618800566008,10.244973509918873,-3.2007770165881397,12.144586565684452,11.443367853208606,-5.553534973855279,-10.455270571446434
2025-12-16,15.7519389236274,5.494844285048248e-09,-7.412721689803448e-05,12.030609782338518,11.604605860825247,-5.5489594367500015,-10.441312442379711
2025-12-17,14.507404122848655,21.002232597829995,-4.58281928487585,11.308773195727897,11.447763626196545,-5.320164093526317,-10.016664217005445
2025-12-18,15.853537480839966,0.023471143746664983,-0.15320294953644,11.890380759854024,11.953257529649129,-5.570034244948802,-10.477230226052765
2025-12-19,14.604119141600886,27.041641208749734,5.2001578061391305,11.178366182887581,11.55036655655692,-5.341322457209191,-10.052509496204959
2025-12-20,16.444051219163818,0.0001699378521915632,-0.01303602133289,12.130162684439313,12.206959124086499,-5.674167161385004,-10.670936117276137
2025-12-21,15.122003145073466,0.6461476502320052,0.8038330984924701,11.402363119644086,10.757119902213567,-5.436301918796074,-10.229286195620888
2025-12-22,14.013576466867802,0.02204487257217562,0.14847515809783002,10.75699019147936,10.54638768181661,-5.2282989732313485,-9.84330834739163
2025-12-23,12.975813339030298,2.046709876579059,-1.4306326840174801,10.112893472344929,10.545510719785442,-5.025886540444409,-9.468135095552276
2025-12-24,12.307969673473382,0.36230284161756515,-0.60191597554606,9.628922456598977,10.604760002891682,-4.893656200478625,-9.220221372529258
2025-12-25,11.511896684199485,2.063536575827256,-1.43650150568221,9.072925279700092,9.732769096868989,-4.729108355612461,-8.914569607945012
2025-12-26,11.012097449173332,0.578366167920615,0.76050389079913,8.652361957467722,9.796755031207484,-4.624717962613946,-8.718407859932102
2025-12-27,10.359837557300063,0.5741151340434538,0.75770385642641,8.167922210094895,9.625074699908499,-4.481268675306941,-8.452931450121472
2025-12-28,9.778294112202595,0.00037354541814955955,0.019327323098389998,7.712293785531808,9.645310240649584,-4.349284856281347,-8.208949891593669
2025-12-29,9.204639609478521,0.22748369108859195,-0.47695250401753,7.249578571124989,9.630640988277728,-4.215416502876481,-7.9616351106491985
2025-12-30,8.72818344253143,1.5596802266753251,1.24887158133866,6.828252878322805,9.58217974848473,-4.1017123958754995,-7.750922597971477
2025-12-31,8.434678418237793,0.021751690999073175,-0.14748454494988,6.512138519223956,9.637760104149447,-4.029224157676511,-7.616819878947392
2026-01-01,8.008547563708122,1.2498560034204687,1.11796958966712,6.122715309530463,8.136890270160535,-3.922363546907272,-7.4195807384527654
2026-01-02,7.757626975671987,16.40719138849303,4.0505791423564395,5.830343751163863,6.663605286810946,-3.8573624101455013,-7.29978006873524
2026-01-03,9.318579838244393,0.0022880279951981402,0.047833335606019996,6.464954609403613,5.899732929785279,-4.2366902842614875,-8.00717428337284
2026-01-04,8.790183565239097,0.22289712373524345,0.47211981925698,6.077194614519108,5.795520672973322,-4.110545484512446,-7.773830358921265
2026-01-05,8.336411913894473,7.200828476302304,2.68343594600324,5.725936765072076,5.362684399936959,-3.998686147967719,-7.567289022557245
2026-01-06,8.73729729072478,4.583912158254393,2.14100727655335,5.814430267745889,5.5703562907575925,-4.096468983476171,-7.748007152122031
2026-01-07,8.78289203600095,15.966383872367315,-3.99579577460702,5.7405991811764,5.685761786493787,-4.107339241181932,-7.76720534240677
2026-01-08,10.314888683901778,3.968327616949394,-1.9920661678140599,6.3541462626478555,6.1343880038310035,-4.463367218981837,-8.427789727795986
2026-01-09,10.183442376256894,0.4756050563410127,-0.68964125191364,6.2109971439059475,4.985677175030233,-4.437222120172478,-8.375425984715209
2026-01-10,9.618439257154924,0.0004461260054261523,-0.02112169513619,5.866873618652051,4.987963375799963,-4.3098003705856,-8.137969090982388
2026-01-11,9.049002973813396,1.3849599625108333,1.1768432191718798,5.5148879690932535,4.783359989899748,-4.176393551883663,-7.89066210110571
2026-01-12,8.689783734363527,0.7314267752627596,-0.8552349240195699,5.267092288698309,4.074520389362063,-4.089565092350757,-7.729627308399612
2026-01-13,8.330255364131437,51.36939780926333,7.16724478508048,4.994952357892176,4.062929644711302,-4.002666184955496,-7.56718631920387
2026-01-14,13.862744813238168,0.9551846864824239,0.9773355035413499,7.777419084974448,5.5912642002291095,-5.1822311626607345,-9.782396553687285
2026-01-15,12.861424998346159,1.2718869461064104,-1.1277796531709599,7.3680850210649265,5.1860863687252134,-4.987100999182149,-9.418477168259596
2026-01-16,12.0787094127317,0.4275605246871136,-0.65388112427804,7.002313136567416,5.258085895490162,-4.8308081804410605,-9.125531170556975
2026-01-17,11.285149256958656,0.1642285793147055,0.40525125455044,6.607827979854597,4.456896549772136,-4.666141442121727,-8.818125722141914
2026-01-18,10.538237563365394,0.7070596691547508,-0.84086840180539,6.221212015822203,4.442405907806144,-4.504483122286972,-8.517720604280912
2026-01-19,9.968520768390063,8.546960299288626,-2.9235184793821,5.890362875022156,3.7352916354968655,-4.37872607386339,-8.282574032254407
2026-01-20,10.419675612167566,67.31764263151844,-8.20473294090176,6.0497587204781444,4.073479987969046,-4.483025567228292,-8.472499965853455
2026-01-21,17.770355770951106,2.1434933802092373,1.46406740972171,9.725831755140565,6.341519709266077,-5.874274922725706,-11.087941797527847
2026-01-22,16.440295315822087,0.9748845190702594,-0.98736240513312,9.270891452644685,6.416812423028198,-5.646468255328216,-10.661297283515049
2026-01-23,15.195715014781317,0.015068800306314861,0.12275504187736999,8.77313103663022,6.381761044619538,-5.425581079709575,-10.24733382482296
2026-01-24,13.986215043340717,0.02341520256344188,-0.15302026847265,8.247647302450785,6.370351524431826,-5.200572751466233,-9.82751787156808
2026-01-25,12.937590431567262,21.247902259215376,-4.60954469109644,7.754193376457544,6.299775815158555,-4.997578930431578,-9.448758487630915
2026-01-26,14.512565992092092,14.829991792509785,3.8509728371555396,8.563815909423015,6.9751367118964405,-5.30174407918195,-10.014274008957516
2026-01-27,15.032034090077984,10.365936874221687,3.21961750433521,8.939786462408222,7.466005336928763,-5.39852191782995,-10.192578798607757
2026-01-28,14.982778203914803,0.26794302275335447,-0.51763213071964,9.02535548711703,7.805359969292614,-5.390754359972926,-10.175139019970375
2026-01-29,13.851542604658096,41.86396221949742,-6.47023664323782,8.49991073925521,7.806929780640291,-5.179250362982749,-9.780409537463916
2026-01-30,17.729347575421777,17.622253558975878,-4.19788679682717,10.501753828069745,9.125819040992114,-5.87174512443275,-11.076937020741337
2026-01-31,18.345575342557932,100.09690222227803,-10.00484393792717,10.928983811924114,9.646633088982572,-5.978466905008185,-11.271381640975191
2026-02-01,28.73582439098719,56.55007243363626,-7.51997822029002,16.279058916545353,12.573129806515519,-7.495191086223108,-14.124014177057752
2026-02-02,32.92947808521876,10.974741006620524,3.31281466529906,18.69531972757081,13.236241104448926,-8.031005398619904,-15.126063037214031
2026-02-03,30.74931037962824,26.11694151559766,-5.1104737075537,18.23208500431379,13.822587426764853,-7.759264171873462,-14.614104520154232
2026-02-04,30.863317835872436,14.795062985171032,-3.8464351008656097,18.705176394990822,14.294159415094814,-7.778105612045483,-14.64338002109365
2026-02-05,29.534058435477988,264.6513585841183,-16.26810863573631,18.470569590401634,14.00141481966198,-7.6106559753958285,-14.324725337079306
2026-02-06,59.31319861221999,155.2215290812346,12.45879324337773,33.24141693002465,20.621243622161924,-10.794877480757684,-20.323815346166867
2026-02-07,72.29492778075937,1.7103598974786847,1.3078072860627,40.560223659097254,27.130347322403118,-11.923606817311269,-22.44427528980432
2026-02-08,63.61475836831374,0.007307967668818417,-0.08548665199210001,38.22923183340014,27.35712087214639,-11.178867842636784,-21.048549436930536
2026-02-09,56.069134965007855,0.49882826304930494,0.7062777520560201,35.935916401456254,27.394188847974682,-10.488450283497476,-19.755563844902078
2026-02-10,49.6708346206598,16.635048602451292,-4.078608660125569,33.809691113151835,27.473149326533562,-9.86527190000761,-18.588940728829286
2026-02-11,46.20861788403077,15.872644520377627,-3.9840487597891703,32.7792125625098,27.50458290204218,-9.51565936463156,-17.928264550337328
2026-02-12,43.085302429394474,0.10569367127746528,0.32510563095318,31.764818479981866,27.696220331596706,-9.189015447187419,-17.310775254145515
2026-02-13,38.368447801348275,25.869339628151224,5.086191072713571,29.8652709914596,25.227001241622713,-8.664671283415455,-16.330621650369046
2026-02-14,37.276061374275955,3.287647814263677,1.81318719779941,29.625515109661094,26.52660596092486,-8.54267578143117,-16.0959800912203
2026-02-15,33.63393615827463,35.08211932214309,-5.9230160663418,28.04524307193725,26.906548966837097,-8.109204505455995,-15.284745280526941
2026-02-16,34.47211288897816,2.586507655330758,1.60826230924273,28.467455646949603,27.487735297150312,-8.216429772261636,-15.477742451125906
2026-02-17,31.102259131848935,0.08229944008483774,-0.28687878988318,26.91459876745247,27.70495674638708,-7.798928290387444,-14.697075046116895
2026-02-18,27.85494459980917,3.752512595830154,-1.9371403139241499,25.30466080781041,27.745898730485415,-7.373892691132087,-13.903764623804118
2026-02-19,25.47804003190622,0.08755096624230921,-0.29589012528692,24.011531915091595,27.69437228585648,-7.049108625519492,-13.294515793617812
2026-02-20,22.871096616790428,1.130125620361189,1.06307366647904,22.576093058160637,26.243465463604934,-6.672152632282108,-12.591215529930025
2026-02-21,20.66922191307325,0.05719979028566809,0.23916477643179,21.28933501189267,26.17297223120738,-6.336583175134589,-11.964862697091302
2026-02-22,18.585035401236258,0.6568099180127819,-0.8104381025178801,20.01540689859625,26.25355644531626,-6.001659161436385,-11.340500591086933
2026-02-23,16.85294655144285,28.803290341902667,-5.36686969675086,18.853891079761244,26.190666366977517,-5.709688802092425,-10.795107756529424
2026-02-24,19.24679251671683,0.01866602893697131,-0.13662367634115,19.450855035489727,26.643495273847375,-6.11313318953727,-11.544732720044573
2026-02-25,17.417617651510856,106.71984503144711,10.33052975560533,18.284923695096563,26.374059066612787,-5.809338582446611,-10.978095849972867
2026-02-26,28.961155415392483,1.8605589224817365,-1.36402306523084,23.5910189752776,29.99299367307953,-7.506970821542441,-14.17441135899799
2026-02-27,26.238046599045184,23.561202984279074,-4.85398835848203,22.287191372109845,29.32586507815204,-7.141110757952516,-13.48804625869885
2026-02-28,26.555466750211174,3.0987625594696153,1.7603302415937798,22.36363206884,29.69640881370851,-7.189777103119879,-13.57250585125644
2026-03-01,24.232584325625055,1.7718842778243615,-1.3311214361674,21.20773989827778,29.139032784660195,-6.863713350528345,-12.96124021595329
2026-03-02,22.09737855242778,19.78717611784978,4.4482778822652005,20.04158856105057,28.83127402359734,-6.5504805462755575,-12.37389254679812
2026-03-03,22.307570596409235,4.926275862513074,-2.21952153909645,20.02632381445852,26.988256379263206,-6.584738896396526,-12.433212024054606
2026-03-04,20.810820126794425,48.97991039039563,6.9985648807734595,19.120320937341795,25.45697316240542,-6.358921885464597,-12.0074369393602
2026-03-05,24.684496170816374,6.841397921080589,-2.61560660671298,20.911896304525026,26.818789683015847,-6.934033352450088,-13.083799204576785
2026-03-06,23.13292084350372,21.029512400244187,-4.58579463127648,20.06766640151836,26.223428285058006,-6.71233173390963,-12.664912427705172
2026-03-07,23.513126314564378,0.22173445152912197,-0.47088687763529996,20.125377161441907,26.41871043201777,-6.772888838494751,-12.771801237737009
2026-03-08,21.285875513437567,2.829385206471139,-1.6820776457914002,18.93115859884714,17.607864614126242,-6.4388676394781195,-12.147880075631853
2026-03-09,19.661697022419364,8.221836295918953,2.86737446035898,17.96505219530458,12.551040568769748,-6.185935322532382,-11.673074505101281
2026-03-10,18.80288724806844,4.808036118585816,2.19272344781229,17.38045924134144,12.787364178049309,-6.048617514532548,-11.413288775066638
2026-03-11,17.651698311097,0.49979966242686796,0.7069651069373,16.6261138539761,12.965829681252922,-5.857960642270309,-11.055365763103397
2026-03-12,16.149542193484827,1.0931986072377289,1.0455613837732,15.658535002483147,12.965865884647666,-5.597562977969848,-10.570163218274985
2026-03-13,14.890450873985674,0.8699871785302654,0.9327310322543501,14.78461481876842,12.447128953878451,-5.369807059800097,-10.145589429569007
2026-03-14,13.755441934905246,0.04662245278143571,0.21592233043721,13.949737160354129,11.891537842325508,-5.155851483289129,-9.747070304530787
2026-03-15,12.665422474152292,14.150742429232258,3.76174725748983,13.115550277899766,11.891384538015021,-4.941623565489193,-9.348729873509695
2026-03-16,13.421284697053581,58.90422085261363,7.6749085240551,13.177661806979716,11.520680618863059,-5.0916379189736904,-9.625799404850962
2026-03-17,19.43168465861998,2.0129448455156633,-1.41878287469072,15.921255349717754,13.256870845227064,-6.141158962483199,-11.597012114886107
2026-03-18,17.939510604307078,25.60655329502038,-5.06029181915632,15.086756719465628,12.012247508554692,-5.897731030515489,-11.140230734176393
2026-03-19,19.539611920505905,9.316905933645252,-3.05236071486403,15.717944513998914,12.97424807235686,-6.163470238186528,-11.632656838434352
2026-03-20,18.931873273288453,0.179433451374866,0.4235958585431,15.333882199177694,13.333808601061328,-6.069107259781872,-11.451152684053385
2026-03-21,17.25339744863019,10.930953154119692,-3.30619920061083,14.424615274309522,13.17159983663898,-5.788463255553075,-10.927547702513534
2026-03-22,17.126514555440863,1.3109260955118542,-1.14495680945259,14.214995547098132,13.585840968045765,-5.770941279630505,-10.889346678349954
2026-03-23,15.835700333856355,22.221605871288055,4.71397983356824,13.440751380002956,13.617789286152284,-5.546180423909057,-10.468549531735315
2026-03-24,17.09670305681231,0.02729205296969218,0.16520306586045,13.967602649480064,14.292799304013503,-5.767873003859429,-10.879964105782433
2026-03-25,15.639928269200036,0.3246128504369501,0.56974805873908,13.131184013689442,14.251995789577018,-5.511352068202691,-10.402113895482659
2026-03-26,14.390584621826331,26.330964867910364,-5.13137066171509,12.362789743894291,13.136512654185909,-5.281468468171028,-9.973985229674005
2026-03-27,16.500866216291325,11.375557163743007,-3.37276698924533,13.200880251335256,14.158642887823023,-5.665516608663389,-10.688270235441493
2026-03-28,16.51636540426409,0.005100336160538262,0.07141663784117999,13.091360866079722,11.093766309326746,-5.672406837103766,-10.695655743522675
2026-03-29,15.1331516915017,0.2599979528647903,-0.5098999439741,12.30618523428457,11.0396192895552,-5.424789394871347,-10.234410291948256
2026-03-30,13.960575292232127,4.180904984960948,2.04472613935484,11.583413997399381,10.258323475584875,-5.206322952911391,-9.827014865144026
2026-03-31,13.34871430834818,15.476997062837153,3.9340814763851997,11.139263456653074,10.292631881551346,-5.089100139935496,-9.60681226508233
2026-04-01,14.120708387081034,2.5723785490346125,1.6038636316827601,11.399527473024119,10.684362872909793,-5.238195397585052,-9.882317832593879
2026-04-02,13.305670695370518,15.240103751927016,-3.9038575475966097,10.869898537584747,10.153359284756226,-5.081555493610417,-9.58968847867539
2026-04-03,14.187791733769004,0.028464622048709268,-0.16871461717560002,11.132110850445283,10.514035942523517,-5.254737541772677,-9.907707540258597
2026-04-04,13.101082801867427,0.33764066624903316,0.58106855555006,10.465892076741488,8.883668867460063,-5.044957679982237,-9.517458947675985
2026-04-05,12.169470085678533,4.372848801990179,2.0911357684258998,9.85819699211194,8.680378870315588,-4.857584734780945,-9.169266342209726
2026-04-06,11.797617440283195,0.003426299117949964,-0.058534597615,9.529076100704636,8.080107921356774,-4.7814832595859675,-9.025999985703661
2026-04-07,10.992701827009501,38.01413624257246,6.1655604970328906,8.957537112609433,8.066800777097999,-4.610985643905333,-8.70948099863928
2026-04-08,14.709372401181986,5.3951078805472115,-2.32273715270308,10.700933060407216,9.052838801112923,-5.345453488153483,-10.085445930073359
2026-04-09,14.22478136543359,0.002960293467519551,-0.054408578988239996,10.382583549615616,9.097473321194071,-5.258134865161176,-9.918458146386993
2026-04-10,13.127157936142432,6.38124559315976,2.52611274355674,9.759806154246728,8.978855593969557,-5.046512558187941,-9.524605348067775
2026-04-11,12.864769279520306,3.1559526190382896,1.7765001038666701,9.557092520581511,9.14213121041281,-4.995566648487571,-9.4274143766136
2026-04-12,12.268350766805096,17.331074872402112,-4.16306075771206,9.173024126488917,9.195650497477809,-4.875872717004175,-9.203458136711712
2026-04-13,13.530095204383283,61.28602465737057,7.8285391138686,9.662507171243709,9.825880700297862,-5.1293161622754875,-9.671918031550732
2026-04-14,19.67804606272741,4.08009448893502,-2.0199243770337096,12.759918220411322,11.724111817828904,-6.198279248692369,-11.677745319405627
2026-04-15,18.401575736961682,2.3810799893123873,1.5430748489015,12.239128796522742,11.508854606468946,-5.992890924042551,-11.291237210485942
2026-04-16,17.024044451367086,0.21017289907100273,-0.45844617903414,11.647645868090121,9.671306287817078,-5.760337195331918,-10.856634224009635
2026-04-17,15.613592238868172,9.224432522806486,3.03717508925753,10.961397489948974,9.609440664091006,-5.512037426539598,-10.393654681357612
2026-04-18,15.367942485108587,8.600595771410642,-2.93267723614629,10.857179591920424,8.966923565419654,-5.468996763101158,-10.310443127293079
2026-04-19,15.190264770081097,13.946820934920908,-3.7345442740608803,10.721784562689837,8.940528317214687,-5.4405189701130166,-10.252400456646356
2026-04-20,15.673039193713421,4.823875826464086,2.19633235792402,10.915286745023703,9.468273761017278,-5.53199557402469,-10.417751823083636
2026-04-21,14.920763158076129,0.30199493118307413,0.54954065471362,10.549802089910125,9.165397854563066,-5.395674393281136,-10.162037415997776
2026-04-22,13.770532807339833,4.1855653249514,2.04586542200395,9.934933660386502,9.087635071761662,-5.1786143895592724,-9.758653647530926
2026-04-23,13.180940029977439,3.5863605042737374,-1.89376886242058,9.589971560260395,8.553036131677237,-5.064549760910808,-9.544871053438893
2026-04-24,12.666002182206789,0.46376461408307107,-0.6810026535066299,9.229754896901195,8.712254153376461,-4.965097048693514,-9.356528584736196
2026-04-25,11.830637788661603,0.01834890399149735,0.13545812633983,8.703795479932106,8.736945286805852,-4.795177780282061,-9.040294717228601
2026-04-26,11.027702121917319,4.714649473171566,2.17132435927283,8.182668685375669,7.751915099065046,-4.624974783085627,-8.724830249691376
2026-04-27,10.832749696760422,8.142581663195433,-2.85352092391057,7.974587532643422,7.349663027377134,-4.583215074503457,-8.64567792968562
2026-04-28,11.156501941155149,0.3530766600107261,-0.5942025412355,7.984667180476543,7.72450543834481,-4.656690326647746,-8.777661303404223
2026-04-29,10.484780474176715,2.5126003162096944,-1.5851183918590102,7.526771749248594,7.730311947805422,-4.511206512944247,-8.507196148399506
2026-04-30,10.162382301421921,0.015813023138815798,0.12574984349420001,7.22592146326626,7.7761441403421765,-4.441896860461649,-8.375722336010853
2026-05-01,9.552586847952677,2.9135104163565124,1.7069008220621702,6.793314956858613,7.335727330481941,-4.302502719184472,-8.117783753947
2026-05-02,9.331812890146976,0.8405234105772852,0.91680063840362,6.5605266844284875,7.3454946071756,-4.25089381224231,-8.021379130790965
2026-05-03,8.900576346190565,0.054302971186033035,0.23302997915726,6.217326487997416,6.764101779662985,-4.147870604990637,-7.830937229329501
2026-05-04,8.433062968631125,1.1254981894413423,1.06089499454062,5.847545076988732,6.754180813210965,-4.033406158307773,-7.619727049950635
2026-05-05,8.133851837354996,0.39459177348813584,0.62816540296974,5.564222263735888,6.767094880793031,-3.958000102621465,-7.48065304788452
2026-05-06,7.782048371002129,0.1941332190609298,-0.44060551410636,5.254044434321022,6.673585215896032,-3.86763135335953,-7.31425332772565
2026-05-07,7.461939524260144,6.615775464420729,-2.57211497884926,4.950449761405417,6.689369961873456,-3.784700522503809,-7.1607642195501535
2026-05-08,8.03002836203479,0.4761714011412208,0.6900517380176799,5.0503693035863355,5.769826451751631,-3.933733947960605,-7.434160638460878
2026-05-09,7.693948329716783,0.727058203319036,0.85267708032938,4.7759174294396285,5.5812124251701825,-3.847024002284205,-7.274306087276548
2026-05-10,7.421410021465656,3.2485698439330783,1.8023789401602202,4.532985875872392,5.593976861438796,-3.77509577431868,-7.1417782314652705
2026-05-11,7.48493644091802,1.5898003350191745,-1.2608728464913401,4.455920913956033,5.49877525150205,-3.791026064306985,-7.171238015769228
2026-05-12,7.386167792118504,7.870485639341625,-2.80543858235065,4.283953679219822,5.472575395465179,-3.7671083065932613,-7.124851160134689
2026-05-13,8.121157302133584,0.5672357196757687,-0.75315052922757,4.49914559682713,5.148132654951177,-3.9584905677638607,-7.477523157002312
2026-05-14,7.80071407276778,1.05956341921126,1.0293509698889198,4.263231004198048,3.112747499961344,-3.878333127041328,-7.327885734085529
2026-05-15,7.546912445883633,6.5432653495628825,-2.55798071719919,4.0710109490988415,3.0348671699859917,-3.812044909321984,-7.20536229463715
2026-05-16,8.085698657799297,3.9182107214496282,-1.9794470746775799,4.219346213126684,3.138144216309716,-3.9526897801866516,-7.463407382516424
2026-05-17,8.215639402359555,5.854091148717531,-2.41952291758469,4.201278083626061,3.2390918645983264,-3.988174515651527,-7.525962653532272
2026-05-18,8.579709655934577,0.0016745964010231103,0.040921832816030006,4.30044686753155,3.0031699464248063,-4.080900042046404,-7.694814175384164
2026-05-19,8.110639428225317,0.7663695825879799,-0.8754253723693299,4.042520531263718,2.7920861495018796,-3.964812509553268,-7.479603105455263
2026-05-20,7.809200846080304,0.6454368173739007,0.8033908248006699,3.8459514743431735,2.406846838978031,-3.889903681000221,-7.339189987431559
2026-05-21,7.498892125800022,0.04323504744122535,0.20793039085527,3.653920594925017,2.243473223434089,-3.8090429819993052,-7.189717160644869
2026-05-22,7.148984630322302,10.131252746574498,-3.1829628880297203,3.4372794620759892,2.228281024671845,-3.7161399343976433,-7.018090136616662
2026-05-23,8.175972024270344,6.027097361570607,2.4550147375465197,3.8389178591459,2.293592196126527,-3.983045915120784,-7.512403985583952
2026-05-24,8.480884076250476,0.7264072228663929,-0.85229526741992,3.9702086292913825,2.489716588143193,-4.05791181929561,-7.650999163518271
2026-05-25,8.123793168802127,0.40393603842610815,0.63555962617689,3.7755805449058832,2.494745928568385,-3.9706926782206446,-7.487769985342794
2026-05-26,7.74155109122877,3.7535607489152887,-1.9374108363781,3.5732818745170967,2.5182927447081225,-3.8730765920358263,-7.307166417891936
2026-05-27,7.874326773508441,5.653899666830372,-2.37779302438845,3.584098606980988,2.3819230309797237,-3.909908364687093,-7.37236502277661
2026-05-28,8.234691561025546,0.5283433759172673,-0.72687232435777,3.7082866705719515,2.312967517702221,-4.003661527226604,-7.543038545200044
2026-05-29,7.8739988514105415,0.04849415681952911,0.22021388879798,3.51749007289267,2.3149558734787368,-3.914004242660645,-7.375572625979959
2026-05-30,7.476453334153895,0.13769363353795494,0.37107092790726,3.3093503179282813,2.2819060957486292,-3.8111060291457144,-7.185171319417863
2026-05-31,7.1299731088043,0.5645537428547991,-0.75136791444325,3.1190509168648615,2.292080112923894,-3.718890347475261,-7.014814316599214
2026-06-01,6.891168744267641,0.0031261914591499463,-0.055912355156529994,2.9657810864242578,2.146497788848513,-3.6555888024449845,-6.896398813864742
2026-06-02,6.58708719221242,56.864476562758476,-7.5408538351275896,2.788021792726351,2.0882528381511447,-3.5717309222386016,-6.7412905109450625
2026-06-03,13.304827000233097,6.2822830813669315,-2.5064483001583997,6.032609078928282,3.6639654323639284,-5.095376523762241,-9.604118149973413
2026-06-04,13.072127399426394,5.54174392761722,-2.35409089196174,6.0475895190746005,3.644996855840813,-5.053082645396179,-9.521112745827185
2026-06-05,12.76838874356895,127.17753218517394,-11.27730163581581,6.017238783587158,3.635307871421718,-4.996141356315235,-9.41098385902696
2026-06-06,27.525276336232018,0.5896899435106624,-0.7679127186801,13.28685638768237,7.043045531512225,-7.346791871100657,-13.83862204630785
2026-06-07,24.66346926791663,52.277878801454655,7.230344307254991,12.525026401032067,6.9976445246615,-6.951193103983703,-13.09680573045403
2026-06-08,28.70866608832512,0.04939862935977844,0.22225802428659003,14.910197545057423,9.227307196705425,-7.503779509929209,-14.133327965828434
2026-06-09,25.661559895183718,9.934815229444927,-3.15195419215523,14.018549610115564,9.160379888728956,-7.090074128676194,-13.358755632041412
2026-06-10,24.35251226231498,1.1633230561263492,-1.07857454824706,13.773525547275325,9.004063375193763,-6.908239396702567,-13.013700577428821
2026-06-11,22.10138956862638,10.034452861255032,3.1677204518794,13.016913397806386,9.004766681470732,-6.578170626614408,-12.395211917052862
2026-06-12,21.161233399149477,0.18373785963751882,-0.42864654394678003,12.837965765613305,9.524886923321422,-6.436647222835584,-12.127205227815296
2026-06-13,19.21424678924594,0.8135392921770936,0.90196413020535,12.078712091254756,9.53417083326383,-6.129408064657424,-11.552913699497012
2026-06-14,17.573962338182852,6.802351197943833,2.60813174474447,11.402801723310095,9.517335270401999,-5.857833548160832,-11.045508073742663
2026-06-15,16.810099931398476,15.984448030479914,3.9980555311901202,11.126774691788118,9.847227064076675,-5.728362810385999,-10.800989089342883
2026-06-16,17.199713135160394,0.06478788170679958,-0.25453463753839,11.418235092109626,10.547134800812072,-5.797078337585891,-10.9259466531197
2026-06-17,15.737349620446967,5.775023687457033,-2.4031278966083,10.737028259485454,10.44239464845521,-5.540839426760527,-10.448026951596706
2026-06-18,15.14479386591589,4.922308031143782,-2.21862751067947,10.43930798516375,10.534471697712304,-5.437000406783166,-10.250001275212936
2026-06-19,14.519504228361477,0.007177916049548384,0.08472258287817,10.108287987922552,10.612190452711102,-5.324713251766677,-10.036545004516102
2026-06-20,13.366502031749224,2.694788923055641,1.6415812264568699,9.50222138361017,10.556731514448824,-5.1046111607367335,-9.626800954596032
2026-06-21,12.640977183994853,4.066052519122493,-2.01644551603124,9.093775435976898,10.712169689708814,-4.961600177347143,-9.359313404346624
2026-06-22,12.214217791128902,1.6341664791224066,1.27834521124867,8.792112060965634,10.561185182736828,-4.8784681573211826,-9.200635037442723
2026-06-23,11.505669838307735,12.970887659850247,-3.60151185751904,8.36263532605504,10.36310655195865,-4.73169210083919,-8.927017055738666
2026-06-24,12.29813786840537,7.67711388055584,-2.7707605238554702,8.639130466082753,10.638592083129312,-4.898776026784901,-9.234046051768575
2026-06-25,12.34482349790926,11.979314159499056,-3.4611145834108203,8.581409470951137,10.693361430563094,-4.9119407143250715,-9.253913462612239
2026-06-26,12.898120384655908,0.5643275144146737,0.75121735497436,8.785283752264013,10.875258781128734,-5.026407979409718,-9.462646010511829
2026-06-27,11.99728387282811,0.10202260831340436,-0.31940978117991997,8.292026377993052,10.88955698563846,-4.844156916307922,-9.123573949626548
2026-06-28,11.161089128318368,0.006100799010356578,-0.07810761173123,7.800626151812272,10.897699417887289,-4.669148135504477,-8.797907887830272
2026-06-29,10.407033947581445,6.278203252749959,2.50563430147936,7.332954630644157,10.879956763371228,-4.505268742397289,-8.493380175770406
2026-06-30,10.453377944185146,6.528778795032544,-2.5551475094468703,7.269669547970506,11.197127209548475,-4.515916060598866,-8.511457801070165
2026-07-01,10.584198149410868,6.139448292255363,2.4777910106091197,7.225216102794228,11.301542452951303,-4.548190027393396,-8.567205456832655
2026-07-02,10.59034645090241,29.11943705609659,5.3962428648177605,7.160070034161897,11.636620982942283,-4.549952626559664,-8.568761349955901
2026-07-03,13.27268982989712,11.412882838228727,3.3782958482389795,8.47763205547798,11.155909843821895,-5.100499421659346,-9.59816490706838
2026-07-04,13.560491095608462,1.6220848767227456,1.27361095972151,8.653747102443024,11.405881334425263,-5.157391010997204,-9.701701864655629
2026-07-05,12.685624084411524,0.0497628295090525,0.22307583802163,8.231847368899807,11.28555379713012,-4.984993937839011,-9.380590142754663
2026-07-06,11.752084317177243,0.6621295834912899,0.81371345293739,7.740922296536361,6.88739251933835,-4.794019833692522,-9.025860171833632
2026-07-07,10.994705652125102,2.6567729078750375,-1.6299610142193701,7.316194733753656,6.844734592233181,-4.633185954384984,-8.727133067631518
2026-07-08,10.59571620558607,2.165438779185533,-1.4715429926392,7.036629424200939,5.371538322308565,-4.548931149371335,-8.567602355568072
2026-07-09,10.18286094550556,0.010740768483047409,0.10363767887717,6.744357985500014,5.4567809694279585,-4.459635306028628,-8.399123804580247
2026-07-10,9.542954828612116,8.370598819250207,2.8931987175529796,6.3403409524789955,5.092059331364528,-4.313592253915939,-8.12847340364983
2026-07-11,9.926531556660494,0.17958668028715274,-0.42377668681412,6.4621564244852685,5.25902604435081,-4.401497331970035,-8.290505311346545
2026-07-12,9.34267630242824,0.968989034511435,0.9843724064150899,6.085202239833381,4.998308060637821,-4.267203913578332,-8.04112484124429
2026-07-13,8.897633245131138,3.255029747032482,-1.80417009925131,5.7782294475140645,5.001237326397783,-4.161251849945389,-7.844662351840993
2026-07-14,8.817767612635988,40.127379867123956,6.334617578601249,5.62683746548517,5.123251176745901,-4.144871895164749,-7.8110247438976375
2026-07-15,12.995555913650426,2.0824002798138985,1.4430524175558899,7.696870009583499,6.173909912230858,-5.042418709527569,-9.493360905017768
2026-07-16,12.232995471650801,8.08846835412308,-2.84402326891379,7.3600018257973225,5.755092402582788,-4.889467213725832,-9.207844580030159
2026-07-17,12.343195695305125,1.437458319565511,-1.19894049875943,7.4037098174968685,6.0529324819198544,-4.915443516054604,-9.25178428609915
2026-07-18,11.626599447653799,1.214882907979731,1.10221726895369,7.045734727620987,5.896071011557272,-4.7694213599681055,-8.978241205718385
2026-07-19,10.940257198057191,0.29378253447810754,0.54201709795735,6.695883618442512,5.721939593107915,-4.623364878183254,-8.706456475952569
2026-07-20,10.237202898798758,2.919140328243861,1.70854918812537,6.311757553404647,5.722612357867362,-4.468598282257113,-8.419233296834458
2026-07-21,9.906780961437677,1.651721316564957,1.28519310477646,6.108200519894999,5.728751201227024,-4.394223340948345,-8.280178334860004
2026-07-22,9.471800260672055,0.06993280142106789,0.26444810723669,5.840811767695197,5.569874276399588,-4.293993724467678,-8.093815468242804
2026-07-23,8.9151907900986,8.760752525813972,-2.9598568421148297,5.494559029718748,5.544385956629932,-4.16212705980609,-7.84969557696485
2026-07-24,9.497581577322581,0.8202264576020756,-0.90566354547485,5.690530639484462,5.387446013564047,-4.302492941600239,-8.106822477082842
2026-07-25,9.041880849004801,0.4884120890161658,0.69886485747687,5.398312388571518,5.1054309856122435,-4.196738531633149,-7.909186816382218
2026-07-26,8.575240389342632,17.570384801733066,4.19170428366948,5.103718370598196,4.575330293190642,-4.083662345088394,-7.699859220524983
2026-07-27,10.129641299123955,10.677087355806933,-3.26758126996207,5.851718356466289,4.991510177684115,-4.444418691054242,-8.372885301623395
2026-07-28,10.798367775520498,2.370664584928522,1.53969626385483,6.141240496426729,5.4747509751456525,-4.595135462772183,-8.649453485720098
2026-07-29,10.335032889476725,0.3565026769042285,-0.5970784512141001,5.915005941736836,5.484218587043335,-4.493335382468088,-8.459518726093103
2026-07-30,9.720090508728038,0.21422175839659255,0.46284096447548,5.581495745846879,5.41471489372501,-4.355233647996191,-8.202386744740455
2026-07-31,9.145330063021106,9.116484803540338,-3.0193517190848,5.259459306599861,5.080119571098704,-4.220928554732616,-7.953565570925044
2026-08-01,9.735947053753426,0.8356073082569087,-0.9141155880176799,5.490880836416289,5.390273060945306,-4.361351566720237,-8.210893260557775
2026-08-02,9.250471130841785,4.406239694209778,2.09910449816339,5.211564424726726,4.6068114065633585,-4.250038967763224,-8.00285071570951
2026-08-03,9.203019448381,1.6831653997333762,-1.29736864450062,5.163244940895709,4.394768222904076,-4.238870176768677,-7.981030496716852
2026-08-04,8.884842193226884,0.29552462696025766,0.54362176829139,4.954440168425968,4.429040684672032,-4.165210233637713,-7.842095725163644
2026-08-05,8.412010468024835,4.08357378117392,2.02078543669879,4.674905235938025,4.434015071723084,-4.049619358315827,-7.6282083123308855
2026-08-06,8.423077188309877,0.055062774537757604,-0.2346545855886,4.639425348652179,4.5338976719587505,-4.0521223870854355,-7.632065372618608
2026-08-07,7.981388384457311,0.34604401328806655,0.58825505802166,4.364363594205313,4.4267648716005565,-3.9417120495241593,-7.427574011983762
2026-08-08,7.609457108254956,0.013856784995004687,0.11771484611129,4.123264419350279,4.328082164750765,-3.8455955191100073,-7.250082462565666
2026-08-09,7.2405889515703095,0.12834683532387142,-0.35825526559127,3.876699961288962,4.327893645009989,-3.7480921324677974,-7.070149460896699
2026-08-10,6.928913533893286,3.9169761582182216,-1.97913520463313,3.6517987737310564,4.108989822743386,-3.66439264474563,-6.915123503602516
2026-08-11,7.143112394677931,0.28945767759508556,0.53801271136943,3.667709416800286,4.251972955882783,-3.7250237529315284,-7.024520825166533
2026-08-12,6.844213369987861,0.02968196621009903,-0.17228455012014,3.465014312447974,4.233610614268273,-3.643398449525456,-6.873950751262438
2026-08-13,6.549517061971402,0.09692683235456753,0.31133074431313,3.2588943716737018,4.108269971171869,-3.56166961306737,-6.722998597262435
2026-08-14,6.281085445543596,0.03150983846918515,-0.17751010807609,3.0691763193145536,2.810338899087092,-3.485072765491187,-6.5819246371236915
2026-08-15,6.03708010692264,0.00018861482548421953,0.01373371127861,2.8869163304638312,2.7380102523482153,-3.416028234290169,-6.45217368409779
2026-08-16,5.8114227731252495,0.1376445896352246,-0.37100483775178,2.71371266752553,2.4714656171064115,-3.352419128611388,-6.330158927729615
2026-08-17,5.629006709435233,4.084752938033116,2.0210771727059598,2.559148582852112,2.42563580615814,-3.300968100127442,-6.230471288585071
2026-08-18,5.938982812487996,0.049461206664769775,0.22239875598746,2.6506848441629725,2.5167372073289234,-3.389507112089341,-6.398914481246851
2026-08-19,5.717279250248968,259.52722531168416,16.10984870542502,2.4946114259130803,2.510392458098223,-3.3261746510533965,-6.277646876220819
2026-08-20,35.777195399671854,10.717406347599503,3.2737450034478104,17.916568259059357,10.7575957827683,-8.363424868680253,-15.775770628147464
2026-08-21,33.267377395866404,60.948250631811725,7.8069360591599395,17.484618544371767,10.9812637931111,-8.062849439870591,-15.209876774078948
2026-08-22,37.40619766447391,13.5881579580324,-3.68621187101778,20.092436469618168,12.632837288656939,-8.553509739222065,-16.1315388717183
2026-08-23,35.17942759777053,2.620718229650441,1.6188632523009598,19.70217975892302,12.83562538469689,-8.295068709294057,-15.643344041816524
2026-08-24,31.734070288281796,0.5307676694341196,0.7285380356811301,18.677292067166665,12.745058137321212,-7.87406595098729,-14.853734267117058
2026-08-25,28.526468752320213,2.466365679138801,-1.5704667074277,17.58850060330271,12.744615823968909,-7.460525995699073,-14.078976811284086
2026-08-26,26.021500795777833,6.502473525443722,2.5499948089052498,16.68117250785287,12.564503240904406,-7.122179567758688,-13.443922661463498
2026-08-27,24.24390612319884,0.027362222235228655,0.16541530230069,16.07045056890832,12.098527431101079,-6.871795822002793,-12.973716633349488
2026-08-28,21.968869411572104,7.512724901315852,-2.7409350414258,15.107865268107934,12.104407051818251,-6.536164329914677,-12.346015612278643
2026-08-29,20.86623739363999,0.3823656572824529,0.61835722465453,14.652156846100409,12.46558997214562,-6.370227947266627,-12.031884226824813
2026-08-30,19.028472673305867,2.6585177236623405,-1.63049615873891,13.795969374771332,12.462641830355517,-6.078061540867314,-11.485907201952529
2026-08-31,17.69329332772351,4.005837948604651,2.00145895501373,13.127722275704793,12.16861004393065,-5.858719887731499,-11.073823721406097
2026-09-01,16.610790826083477,4.021859660376318,-2.00545746910183,12.580409216078785,12.094988992312587,-5.67362364427207,-10.7268075794733
2026-09-02,15.712180880887917,1.1999518287164161,-1.09542312770747,12.066896242736636,12.329166864089023,-5.517376839206565,-10.431916696198638
2026-09-03,14.572794793889525,22.631622186314956,4.75727045545184,11.414879577895423,12.301783430570318,-5.310686187720948,-10.044426773081586
2026-09-04,15.97336991859315,4.379844239754839,-2.0928077407528,12.087884134400596,12.790363546593422,-5.564663106248294,-10.51877672588606
2026-09-05,15.192256329992468,0.997862690188549,0.99893077347159,11.62540174072185,13.050575183995019,-5.426785974178107,-10.258010097236033
2026-09-06,14.065425138903931,1.8328469221469,1.35382676962265,10.987749397689852,13.01087852228748,-5.217500182020849,-9.866857377673076
2026-09-07,13.154329857625257,0.8884978682464278,-0.9426016487607201,10.438455249157276,13.01459843194323,-5.042083157162998,-9.538780647629288
2026-09-08,12.267041063263367,0.05848166566060557,-0.24182982789681998,9.865457806302624,13.106894527129613,-4.866579725908227,-9.209547982413786
2026-09-09,11.366151628651672,0.5301554057193529,-0.72811771419143,9.277039237864102,13.097754706525693,-4.680923075021657,-8.862224738076712
2026-09-10,10.626642685358423,1.4785724097020578,-1.21596562850356,8.752226207935417,12.909774381220602,-4.523690902241229,-8.56724212065711
2026-09-11,10.093940996442061,9.833706141360766,3.13587406337703,8.315806980041415,13.05370543930445,-4.408087910773002,-8.34911771206296
2026-09-12,10.573929927727798,0.1978556148720841,0.44480963891544,8.406880929720577,13.178085955117883,-4.512903184140069,-8.545664117290432
2026-09-13,9.872628613842874,3.825370957135987,-1.9558555563067501,7.914339410829667,13.172772484941287,-4.357458760723751,-8.254629625921972
2026-09-14,9.727427926494869,2.2441403623393414,1.49804551410808,7.669001303608046,13.411598599978456,-4.327006381742077,-8.194985676733785
2026-09-15,9.355579220896882,22.041870966461815,-4.69487709812108,7.343509647131923,13.393096248044298,-4.241371428085273,-8.034552067812362
2026-09-16,11.472883241906699,0.5005113501605452,0.70746826795309,8.225411326291717,14.381384610134502,-4.705253809112744,-8.90575769560501
2026-09-17,10.70973526524724,1.6239649773388931,1.27434884444523,7.761917327723846,14.332107808916884,-4.543446102006033,-8.60194540484637
2026-09-18,10.15823355167774,42.19783524002715,6.49598608680985,7.393640186700749,14.32868196506335,-4.4226174981798785,-8.37512299412244
2026-09-19,14.374158448580618,0.6183584033383687,0.78635768155361,9.481891889900334,7.5038699600512615,-5.268818413044156,-9.971890685320865
2026-09-20,13.277736472979761,0.17504940545761177,0.41838905991625996,8.950079880706616,7.242327205559323,-5.060761352260315,-9.580976648586292
2026-09-21,12.270713710453052,24.271386277451928,4.92659986983436,8.423578052191674,5.3585315371395374,-4.862047782618105,-9.20760483620554
2026-09-22,14.142906425420247,0.7433818127536428,-0.86219592480691,9.37444654570729,5.537420114860605,-5.223447029019313,-9.888613574395956
2026-09-23,13.120836473722484,6.245890980710529,-2.49917806102537,8.856582661730071,5.542796632864973,-5.029140280854036,-9.522619067124337
2026-09-24,12.891900639439218,0.009439377954694786,0.0971564612092,8.699941160868898,5.801231856279846,-4.986793034542291,-9.440350515019745
2026-09-25,11.920826977871194,0.01393439501876721,0.11804403847195,8.178511053894045,5.687127924683951,-4.792415310984957,-9.075166292327458
2026-09-26,11.063754685851606,0.030951743396878208,0.17593107569977,7.688636454361528,5.515745601378981,-4.614234381009443,-8.740319819946713
2026-09-27,10.305576329171819,0.09481566288111427,-0.30792152065277,7.229175371703649,5.515699386652756,-4.450724136675886,-8.433062501449351
2026-09-28,9.64666146038583,0.004200247905267685,0.06480931958652,6.8011137891742965,5.223454080326772,-4.304188809318526,-8.157182699240071
2026-09-29,9.043425105134709,0.1983090271452042,-0.44531901727323997,6.393298976698154,5.222238557014104,-4.1653115912120695,-7.895935244597639
2026-09-30,8.535959266850785,0.06738204847222469,0.25958052406185,6.021599579724977,5.1150132222340385,-4.045552501291097,-7.669923500800759
