"origin","date","h","y_true","y_pred","lo95","hi95"
2025-11-15,2025-11-15,1,95549.1484375,94461.3088929008,NA,NA
2025-11-15,2025-11-16,2,94177.078125,94524.8714654982,NA,NA
2025-11-15,2025-11-17,3,92093.875,94588.4768090531,NA,NA
2025-11-15,2025-11-18,4,92948.875,94652.1249523459,NA,NA
2025-11-15,2025-11-19,5,91465.9921875,94715.8159241765,NA,NA
2025-11-15,2025-11-20,6,86631.8984375,94779.549753364,NA,NA
2025-11-15,2025-11-21,7,85090.6875,94843.3264687466,NA,NA
2025-11-15,2025-11-22,8,84648.359375,94907.1460991826,NA,NA
2025-11-15,2025-11-23,9,86805.0078125,94971.0086735491,NA,NA
2025-11-15,2025-11-24,10,88270.5625,95034.9142207431,NA,NA
2025-11-25,2025-11-25,1,87341.890625,88327.6979076337,NA,NA
2025-11-25,2025-11-26,2,90518.3671875,88384.8702976397,NA,NA
2025-11-25,2025-11-27,3,91285.375,88442.079693956,NA,NA
2025-11-25,2025-11-28,4,90919.265625,88499.3261205355,NA,NA
2025-11-25,2025-11-29,5,90851.7578125,88556.6096013472,NA,NA
2025-11-25,2025-11-30,6,90394.3125,88613.9301603754,NA,NA
2025-11-25,2025-12-01,7,86321.5703125,88671.28782162,NA,NA
2025-11-25,2025-12-02,8,91350.203125,88728.6826090963,NA,NA
2025-11-25,2025-12-03,9,93527.8046875,88786.1145468351,NA,NA
2025-11-25,2025-12-04,10,92141.625,88843.5836588831,NA,NA
2025-12-05,2025-12-05,1,89387.7578125,92202.4273203438,NA,NA
2025-12-05,2025-12-06,2,89272.375,92263.2697628598,NA,NA
2025-12-05,2025-12-07,3,90405.640625,92324.1523540241,NA,NA
2025-12-05,2025-12-08,4,90640.203125,92385.0751203297,NA,NA
2025-12-05,2025-12-09,5,92691.7109375,92446.0380882874,NA,NA
2025-12-05,2025-12-10,6,92020.9453125,92507.0412844254,NA,NA
2025-12-05,2025-12-11,7,92511.3359375,92568.0847352896,NA,NA
2025-12-05,2025-12-12,8,90270.4140625,92629.1684674431,NA,NA
2025-12-05,2025-12-13,9,90298.7109375,92690.2925074665,NA,NA
2025-12-05,2025-12-14,10,88175.1796875,92751.4568819585,NA,NA
2025-12-15,2025-12-15,1,86419.78125,88231.8273118215,NA,NA
2025-12-15,2025-12-16,2,87843.984375,88288.5113290751,NA,NA
2025-12-15,2025-12-17,3,86143.7578125,88345.2317626416,NA,NA
2025-12-15,2025-12-18,4,85462.5078125,88401.988635916,NA,NA
2025-12-15,2025-12-19,5,88103.3828125,88458.7819723092,NA,NA
2025-12-15,2025-12-20,6,88344,88515.6117952465,NA,NA
2025-12-15,2025-12-21,7,88621.75,88572.4781281684,NA,NA
2025-12-15,2025-12-22,8,88490.015625,88629.3809945307,NA,NA
2025-12-15,2025-12-23,9,87414,88686.3204178038,NA,NA
2025-12-15,2025-12-24,10,87611.9609375,88743.2964214739,NA,NA
2025-12-25,2025-12-25,1,87234.7421875,87667.8607221773,NA,NA
2025-12-25,2025-12-26,2,87301.4296875,87723.796173057,NA,NA
2025-12-25,2025-12-27,3,87802.15625,87779.7673128952,NA,NA
2025-12-25,2025-12-28,4,87835.8359375,87835.7741644632,NA,NA
2025-12-25,2025-12-29,5,87138.140625,87891.8167505465,NA,NA
2025-12-25,2025-12-30,6,88430.1328125,87947.8950939447,NA,NA
2025-12-25,2025-12-31,7,87508.828125,88004.0092174725,NA,NA
2025-12-25,2026-01-01,8,88731.984375,88060.1591439592,NA,NA
2025-12-25,2026-01-02,9,89944.6953125,88116.3448962482,NA,NA
2025-12-25,2026-01-03,10,90603.1875,88172.5664971978,NA,NA
2026-01-04,2026-01-04,1,91413.4921875,90661.8389627438,NA,NA
2026-01-04,2026-01-05,2,93882.5546875,90720.5283931813,NA,NA
2026-01-04,2026-01-06,3,93729.03125,90779.2558158909,NA,NA
2026-01-04,2026-01-07,4,91308.0546875,90838.0212554666,NA,NA
2026-01-04,2026-01-08,5,91027.125,90896.8247365182,NA,NA
2026-01-04,2026-01-09,6,90513.1015625,90955.666283672,NA,NA
2026-01-04,2026-01-10,7,90386.6484375,91014.5459215697,NA,NA
2026-01-04,2026-01-11,8,90827.4609375,91073.4636748689,NA,NA
2026-01-04,2026-01-12,9,91192.9921875,91132.4195682438,NA,NA
2026-01-04,2026-01-13,10,95321.78125,91191.413626384,NA,NA
2026-01-14,2026-01-14,1,96929.328125,95384.9273806314,NA,NA
2026-01-14,2026-01-15,2,95551.1875,95448.1153425605,NA,NA
2026-01-14,2026-01-16,3,95525.1171875,95511.3451634986,NA,NA
2026-01-14,2026-01-17,4,95099.921875,95574.6168711754,NA,NA
2026-01-14,2026-01-18,5,93634.4296875,95637.9304933386,NA,NA
2026-01-14,2026-01-19,6,92553.59375,95701.2860577548,NA,NA
2026-01-14,2026-01-20,7,88310.90625,95764.6835922086,NA,NA
2026-01-14,2026-01-21,8,89376.9609375,95828.1231245032,NA,NA
2026-01-14,2026-01-22,9,89462.453125,95891.6046824601,NA,NA
2026-01-14,2026-01-23,10,89503.875,95955.1282939194,NA,NA
2026-01-24,2026-01-24,1,89110.734375,89561.0497184347,NA,NA
2026-01-24,2026-01-25,2,86572.21875,89618.2609598515,NA,NA
2026-01-24,2026-01-26,3,88267.140625,89675.5087475811,NA,NA
2026-01-24,2026-01-27,4,89102.5703125,89732.7931049693,NA,NA
2026-01-24,2026-01-28,5,89184.5703125,89790.1140553766,NA,NA
2026-01-24,2026-01-29,6,84561.5859375,89847.4716221784,NA,NA
2026-01-24,2026-01-30,7,84128.65625,89904.8658287651,NA,NA
2026-01-24,2026-01-31,8,78621.1171875,89962.2966985424,NA,NA
2026-01-24,2026-02-01,9,76974.4453125,90019.76425493,NA,NA
2026-01-24,2026-02-02,10,78688.765625,90077.2685213635,NA,NA
2026-02-03,2026-02-03,1,75633.546875,78735.4288814698,NA,NA
2026-02-03,2026-02-04,2,73019.703125,78782.1198097361,NA,NA
2026-02-03,2026-02-05,3,62702.09765625,78828.8384262085,NA,NA
2026-02-03,2026-02-06,4,70555.390625,78875.5847473064,NA,NA
2026-02-03,2026-02-07,5,69281.96875,78922.3587894588,NA,NA
2026-02-03,2026-02-08,6,70264.7265625,78969.1605691048,NA,NA
2026-02-03,2026-02-09,7,70120.78125,79015.9901026928,NA,NA
2026-02-03,2026-02-10,8,68793.9609375,79062.8474066816,NA,NA
2026-02-03,2026-02-11,9,66991.96875,79109.7324975388,NA,NA
2026-02-03,2026-02-12,10,66221.84375,79156.6453917425,NA,NA
2026-02-13,2026-02-13,1,68857.84375,66257.1255157474,NA,NA
2026-02-13,2026-02-14,2,69767.625,66292.4260789628,NA,NA
2026-02-13,2026-02-15,3,68788.1875,66327.7454496612,NA,NA
2026-02-13,2026-02-16,4,68843.15625,66363.083637863,NA,NA
2026-02-13,2026-02-17,5,67494.21875,66398.4406535937,NA,NA
2026-02-13,2026-02-18,6,66425.3203125,66433.8165068843,NA,NA
2026-02-13,2026-02-19,7,66957.5234375,66469.211207771,NA,NA
2026-02-13,2026-02-20,8,68005.421875,66504.6247662955,NA,NA
2026-02-13,2026-02-21,9,68003.765625,66540.0571925049,NA,NA
2026-02-13,2026-02-22,10,67659.390625,66575.5084964515,NA,NA
2026-02-23,2026-02-23,1,64616.73828125,67695.8058891051,NA,NA
2026-02-23,2026-02-24,2,64080.04296875,67732.2407524331,NA,NA
2026-02-23,2026-02-25,3,67960.125,67768.6952255321,NA,NA
2026-02-23,2026-02-26,4,67453.7734375,67805.1693189566,NA,NA
2026-02-23,2026-02-27,5,65881.796875,67841.6630432666,NA,NA
2026-02-23,2026-02-28,6,66995.859375,67878.1764090276,NA,NA
2026-02-23,2026-03-01,7,65738.1015625,67914.709426811,NA,NA
2026-02-23,2026-03-02,8,68775.8515625,67951.2621071937,NA,NA
2026-02-23,2026-03-03,9,68293.6484375,67987.8344607585,NA,NA
2026-02-23,2026-03-04,10,72710.578125,68024.4264980938,NA,NA
2026-03-05,2026-03-05,1,70841.125,72751.3362210549,NA,NA
2026-03-05,2026-03-06,2,68136.4921875,72792.1171641622,NA,NA
2026-03-05,2026-03-07,3,67272.59375,72832.9209671291,NA,NA
2026-03-05,2026-03-08,4,65969.78125,72873.7476427694,NA,NA
2026-03-05,2026-03-09,5,68402.3828125,72914.5972039048,NA,NA
2026-03-05,2026-03-10,6,69926.921875,72955.4696633635,NA,NA
2026-03-05,2026-03-11,7,70204.8828125,72996.3650339816,NA,NA
2026-03-05,2026-03-12,8,70493.4609375,73037.2833286015,NA,NA
2026-03-05,2026-03-13,9,70968.265625,73078.2245600738,NA,NA
2026-03-05,2026-03-14,10,71214.625,73119.1887412556,NA,NA
2026-03-15,2026-03-15,1,72789.9140625,71253.9164174376,NA,NA
2026-03-15,2026-03-16,2,74861.0859375,71293.2295132241,NA,NA
2026-03-15,2026-03-17,3,73922.4765625,71332.5642993202,NA,NA
2026-03-15,2026-03-18,4,71245.578125,71371.9207876929,NA,NA
2026-03-15,2026-03-19,5,69912.7890625,71411.2989903162,NA,NA
2026-03-15,2026-03-20,6,70522.5859375,71450.6989191706,NA,NA
2026-03-15,2026-03-21,7,68711.5234375,71490.1205862432,NA,NA
2026-03-15,2026-03-22,8,67845.2109375,71529.5640035275,NA,NA
2026-03-15,2026-03-23,9,70914.859375,71569.0291830239,NA,NA
2026-03-15,2026-03-24,10,70517.859375,71608.5161367394,NA,NA
2026-03-25,2026-03-25,1,71309.8828125,70556.4058772864,NA,NA
2026-03-25,2026-03-26,2,68791.625,70594.9734498783,NA,NA
2026-03-25,2026-03-27,3,66338.375,70633.5621042932,NA,NA
2026-03-25,2026-03-28,4,66319.6953125,70672.1718520547,NA,NA
2026-03-25,2026-03-29,5,65954.921875,70710.8027046929,NA,NA
2026-03-25,2026-03-30,6,66691.4453125,70749.4546737442,NA,NA
2026-03-25,2026-03-31,7,68233.3125,70788.1277707513,NA,NA
2026-03-25,2026-04-01,8,68078.5546875,70826.8220072632,NA,NA
2026-03-25,2026-04-02,9,66888.5703125,70865.5373948351,NA,NA
2026-03-25,2026-04-03,10,66931.1015625,70904.2739450286,NA,NA
2026-04-04,2026-04-04,1,67290.515625,66966.4061870736,NA,NA
2026-04-04,2026-04-05,2,68981.8984375,67001.7294340289,NA,NA
2026-04-04,2026-04-06,3,68859.828125,67037.0713131887,NA,NA
2026-04-04,2026-04-07,4,71940.703125,67072.4318343809,NA,NA
2026-04-04,2026-04-08,5,71123.359375,67107.8110074391,NA,NA
2026-04-04,2026-04-09,6,71767.828125,67143.2088422015,NA,NA
2026-04-04,2026-04-10,7,72979.046875,67178.6253485118,NA,NA
2026-04-04,2026-04-11,8,73054.2734375,67214.0605362188,NA,NA
2026-04-04,2026-04-12,9,70753.40625,67249.5144151765,NA,NA
2026-04-04,2026-04-13,10,74484.640625,67284.9869952439,NA,NA
2026-04-14,2026-04-14,1,74181.609375,74526.4348322064,NA,NA
2026-04-14,2026-04-15,2,74805.078125,74568.2524906336,NA,NA
2026-04-14,2026-04-16,3,75152.1328125,74610.0936134403,NA,NA
2026-04-14,2026-04-17,4,77126.875,74651.9582137929,NA,NA
2026-04-14,2026-04-18,5,75726.2109375,74693.8463048647,NA,NA
2026-04-14,2026-04-19,6,73856.3515625,74735.7578998366,NA,NA
2026-04-14,2026-04-20,7,75872.5234375,74777.6930118969,NA,NA
2026-04-14,2026-04-21,8,76352.7734375,74819.6516542416,NA,NA
2026-04-14,2026-04-22,9,78203.1015625,74861.6338400736,NA,NA
2026-04-14,2026-04-23,10,78268.953125,74903.6395826034,NA,NA
2026-04-24,2026-04-24,1,77455.3125,78314.0051514337,NA,NA
2026-04-24,2026-04-25,2,77612.015625,78359.0831100539,NA,NA
2026-04-24,2026-04-26,3,78657.5390625,78404.1870157872,NA,NA
2026-04-24,2026-04-27,4,77366.625,78449.3168835689,NA,NA
2026-04-24,2026-04-28,5,76350.671875,78494.472728343,NA,NA
2026-04-24,2026-04-29,6,75776.1328125,78539.654565062,NA,NA
2026-04-24,2026-04-30,7,76304.3203125,78584.8624086869,NA,NA
2026-04-24,2026-05-01,8,78179,78630.0962741875,NA,NA
2026-04-24,2026-05-02,9,78657.25,78675.3561765421,NA,NA
2026-04-24,2026-05-03,10,78538.2265625,78720.6421307376,NA,NA
2026-05-04,2026-05-04,1,79827.90625,78583.3736929431,NA,NA
2026-05-04,2026-05-05,2,80927.0546875,78628.5467758868,NA,NA
2026-05-04,2026-05-06,3,81427.53125,78673.7458262501,NA,NA
2026-05-04,2026-05-07,4,80009.9921875,78718.9708589598,NA,NA
2026-05-04,2026-05-08,5,80186.765625,78764.221888952,NA,NA
2026-05-04,2026-05-09,6,80664.3671875,78809.4989311709,NA,NA
2026-05-04,2026-05-10,7,82138.9296875,78854.8020005693,NA,NA
2026-05-04,2026-05-11,8,81728.296875,78900.131112109,NA,NA
2026-05-04,2026-05-12,9,80477.4921875,78945.4862807599,NA,NA
2026-05-04,2026-05-13,10,79277.1171875,78990.867521501,NA,NA
2026-05-14,2026-05-14,1,81051.25,79322.7830169482,NA,NA
2026-05-14,2026-05-15,2,79065.6796875,79368.4751511874,NA,NA
2026-05-14,2026-05-16,3,78131.4375,79414.1936053695,NA,NA
2026-05-14,2026-05-17,4,77429.3515625,79459.9383946556,NA,NA
2026-05-14,2026-05-18,5,76954.171875,79505.7095342156,NA,NA
2026-05-14,2026-05-19,6,76750.90625,79551.507039228,NA,NA
2026-05-14,2026-05-20,7,77457.7734375,79597.3309248798,NA,NA
2026-05-14,2026-05-21,8,77539.171875,79643.1812063672,NA,NA
2026-05-14,2026-05-22,9,75488.2421875,79689.0578988948,NA,NA
2026-05-14,2026-05-23,10,76673.3671875,79734.9610176764,NA,NA
2026-05-24,2026-05-24,1,76981.125,76716.5528453966,NA,NA
2026-05-24,2026-05-25,2,77279.9296875,76759.762827268,NA,NA
2026-05-24,2026-05-26,3,75825.734375,76802.9971468143,NA,NA
2026-05-24,2026-05-27,4,74344.703125,76846.2558177438,NA,NA
2026-05-24,2026-05-28,5,73536.5546875,76889.5388537719,NA,NA
2026-05-24,2026-05-29,6,73372.5234375,76932.8462686224,NA,NA
2026-05-24,2026-05-30,7,73754.8359375,76976.1780760261,NA,NA
2026-05-24,2026-05-31,8,73579.6875,77019.5342897222,NA,NA
2026-05-24,2026-06-01,9,71319.7734375,77062.9149234572,NA,NA
2026-05-24,2026-06-02,10,66703.65625,77106.3199909856,NA,NA
2026-06-03,2026-06-03,1,64014.3671875,66738.0800693646,NA,NA
2026-06-03,2026-06-04,2,63801.57421875,66772.5216538624,NA,NA
2026-06-03,2026-06-05,3,60922.66796875,66806.9810126615,NA,NA
2026-06-03,2026-06-06,4,60867.4140625,66841.4581549347,NA,NA
2026-06-03,2026-06-07,5,63239.51953125,66875.9530898596,NA,NA
2026-06-03,2026-06-08,6,63090.58984375,66910.4658266183,NA,NA
2026-06-03,2026-06-09,7,61643.78125,66944.9963743978,NA,NA
2026-06-03,2026-06-10,8,61449.2890625,66979.5447423901,NA,NA
2026-06-03,2026-06-11,9,63561.0546875,67014.1109397915,NA,NA
2026-06-03,2026-06-12,10,63543.19921875,67048.6949758033,NA,NA
2026-06-13,2026-06-13,1,64421.32421875,63574.8850309496,NA,NA
2026-06-13,2026-06-14,2,65710.3984375,63606.5866432775,NA,NA
2026-06-13,2026-06-15,3,66289.5,63638.3040636123,NA,NA
2026-06-13,2026-06-16,4,65600.640625,63670.0372998367,NA,NA
2026-06-13,2026-06-17,5,64418.4453125,63701.7863598373,NA,NA
2026-06-13,2026-06-18,6,62896.47265625,63733.5512515046,NA,NA
2026-06-13,2026-06-19,7,63540.8359375,63765.3319827331,NA,NA
2026-06-13,2026-06-20,8,64239.67578125,63797.1285614212,NA,NA
2026-06-13,2026-06-21,9,63237.5390625,63828.9409954712,NA,NA
2026-06-13,2026-06-22,10,63952.10546875,63860.7692927894,NA,NA
2026-06-23,2026-06-23,1,62668.01953125,63984.024738282,NA,NA
2026-06-23,2026-06-24,2,60995.1328125,64015.9599391076,NA,NA
2026-06-23,2026-06-25,3,59721.67578125,64047.9110791782,NA,NA
2026-06-23,2026-06-26,4,60016.4296875,64079.8781664494,NA,NA
2026-06-23,2026-06-27,5,59940.09765625,64111.8612088807,NA,NA
2026-06-23,2026-06-28,6,59532.33984375,64143.8602144353,NA,NA
2026-06-23,2026-06-29,7,60138.37890625,64175.8751910807,NA,NA
2026-06-23,2026-06-30,8,58558.859375,64207.9061467884,NA,NA
2026-06-23,2026-07-01,9,60003.7578125,64239.9530895334,NA,NA
2026-06-23,2026-07-02,10,61485.30078125,64272.0160272953,NA,NA
2026-07-03,2026-07-03,1,62544.19921875,61515.1103754172,NA,NA
2026-07-03,2026-07-04,2,63088.3046875,61544.9344220127,NA,NA
2026-07-03,2026-07-05,3,63547.8828125,61574.7729280435,NA,NA
2026-07-03,2026-07-06,4,63995.015625,61604.6259005198,NA,NA
2026-07-03,2026-07-07,5,63297.39453125,61634.4933464554,NA,NA
2026-07-03,2026-07-08,6,62257.57421875,61664.3752728673,NA,NA
2026-07-03,2026-07-09,7,63193.1484375,61694.271686776,NA,NA
2026-07-03,2026-07-10,8,64127.140625,61724.1825952054,NA,NA
2026-07-03,2026-07-11,9,63802.02734375,61754.1080051829,NA,NA
2026-07-03,2026-07-12,10,63758.21875,61784.0479237391,NA,NA
2026-07-13,2026-07-13,1,62239.12109375,63789.7746150005,NA,NA
2026-07-13,2026-07-14,2,64956.11328125,63821.3460979501,NA,NA
2026-07-13,2026-07-15,3,64712.375,63852.9332065787,NA,NA
2026-07-13,2026-07-16,4,63789.28125,63884.5359486198,NA,NA
2026-07-13,2026-07-17,5,63899.4609375,63916.1543318108,NA,NA
2026-07-13,2026-07-18,6,64796.6015625,63947.7883638932,NA,NA
2026-07-13,2026-07-19,7,64690.8046875,63979.4380526119,NA,NA
2026-07-13,2026-07-20,8,65230.02734375,64011.1034057158,NA,NA
2026-07-13,2026-07-21,9,66505.125,64042.7844309578,NA,NA
2026-07-13,2026-07-22,10,66100.796875,64074.4811360946,NA,NA
2026-07-23,2026-07-23,1,65044.8125,66134.1712602838,NA,NA
2026-07-23,2026-07-24,2,64098.49609375,66167.5624963417,NA,NA
2026-07-23,2026-07-25,3,64311.8125,66200.9705916815,NA,NA
2026-07-23,2026-07-26,4,65340.30078125,66234.3955548158,NA,NA
2026-07-23,2026-07-27,5,63724.8984375,66267.8373942608,NA,NA
2026-07-23,2026-07-28,6,63871.36328125,66301.2961185376,NA,NA
2026-07-23,2026-07-29,7,63908.16796875,66334.7717361714,NA,NA
2026-07-23,2026-07-30,8,64725.30859375,66368.2642556916,NA,NA
2026-07-23,2026-07-31,9,62813.74609375,66401.773685632,NA,NA
2026-07-23,2026-08-01,10,62763.3203125,66435.3000345307,NA,NA
2026-08-02,2026-08-02,1,63482,62793.8703707623,NA,NA
2026-08-02,2026-08-03,2,63460.8984375,62824.4352992713,NA,NA
2026-08-02,2026-08-04,3,64055.953125,62855.0151052652,NA,NA
2026-08-02,2026-08-05,4,64597.5,62885.6097959856,NA,NA
2026-08-02,2026-08-06,5,64262.11328125,62916.2193786774,NA,NA
2026-08-02,2026-08-07,6,64880.19140625,62946.8438605897,NA,NA
2026-08-02,2026-08-08,7,64904.6875,62977.4832489744,NA,NA
2026-08-02,2026-08-09,8,64844.88671875,63008.1375510873,NA,NA
2026-08-02,2026-08-10,9,63910.5859375,63038.8067741877,NA,NA
2026-08-02,2026-08-11,10,63551.875,63069.4909255383,NA,NA
2026-08-12,2026-08-12,1,63402.43359375,63582.9629778724,NA,NA
2026-08-12,2026-08-13,2,63402.171875,63614.0661632011,NA,NA
2026-08-12,2026-08-14,3,62975.59375,63645.1845634254,NA,NA
2026-08-12,2026-08-15,4,63024.3203125,63676.3181859879,NA,NA
2026-08-12,2026-08-16,5,62818.65234375,63707.4670383351,NA,NA
2026-08-12,2026-08-17,6,64506.25390625,63738.6311279169,NA,NA
2026-08-12,2026-08-18,7,64680.7109375,63769.810462187,NA,NA
2026-08-12,2026-08-19,8,69266.1875,63801.0050486029,NA,NA
2026-08-12,2026-08-20,9,73032.7578125,63832.2148946253,NA,NA
2026-08-12,2026-08-21,10,78335.1875,63863.4400077189,NA,NA
2026-08-22,2026-08-22,1,77083.4140625,78378.5826554889,NA,NA
2026-08-22,2026-08-23,2,77755.265625,78422.0018504878,NA,NA
2026-08-22,2026-08-24,3,78964.484375,78465.4450983137,NA,NA
2026-08-22,2026-08-25,4,78564.9765625,78508.9124122911,NA,NA
2026-08-22,2026-08-26,5,79027.421875,78552.403805752,NA,NA
2026-08-22,2026-08-27,6,80257.5390625,78595.9192920357,NA,NA
2026-08-22,2026-08-28,7,77830.2890625,78639.4588844885,NA,NA
2026-08-22,2026-08-29,8,78245.8125,78683.0225964647,NA,NA
2026-08-22,2026-08-30,9,77667.5703125,78726.6104413257,NA,NA
2026-08-22,2026-08-31,10,78548.6328125,78770.2224324405,NA,NA
2026-09-01,2026-09-01,1,77403.625,78592.0762350185,NA,NA
2026-09-01,2026-09-02,2,77300.4765625,78635.5436850839,NA,NA
2026-09-01,2026-09-03,3,81271.7421875,78679.0351759855,NA,NA
2026-09-01,2026-09-04,4,79671.96875,78722.5507210194,NA,NA
2026-09-01,2026-09-05,5,79823.8671875,78766.0903334895,NA,NA
2026-09-01,2026-09-06,6,80350.046875,78809.6540267069,NA,NA
2026-09-01,2026-09-07,7,79115.8515625,78853.2418139903,NA,NA
2026-09-01,2026-09-08,8,78438.578125,78896.8537086653,NA,NA
2026-09-01,2026-09-09,9,78259.5234375,78940.4897240652,NA,NA
2026-09-01,2026-09-10,10,76568.125,78984.1498735307,NA,NA
2026-09-11,2026-09-11,1,77173.796875,76609.7232089201,NA,NA
2026-09-11,2026-09-12,2,77270.46875,76651.344017466,NA,NA
2026-09-11,2026-09-13,3,76838.15625,76692.987437916,NA,NA
2026-09-11,2026-09-14,4,78163.3828125,76734.6534825546,NA,NA
2026-09-11,2026-09-15,5,75612.5078125,76776.3421636732,NA,NA
2026-09-11,2026-09-16,6,76150.3203125,76818.0534935698,NA,NA
2026-09-11,2026-09-17,7,76403.7734375,76859.7874845492,NA,NA
2026-09-11,2026-09-18,8,80901.4609375,76901.5441489226,NA,NA
2026-09-11,2026-09-19,9,81233.6796875,76943.3234990084,NA,NA
2026-09-11,2026-09-20,10,81142.609375,76985.1255471311,NA,NA
2026-09-21,2026-09-21,1,86602.9140625,81188.0339474933,NA,NA
2026-09-21,2026-09-22,2,86172.28125,81233.4839491884,NA,NA
2026-09-21,2026-09-23,3,84383.0078125,81278.9593943207,NA,NA
2026-09-21,2026-09-24,4,84379.0625,81324.4602971339,NA,NA
2026-09-21,2026-09-25,5,84034.921875,81369.9866718796,NA,NA
2026-09-21,2026-09-26,6,84406.453125,81415.5385328171,NA,NA
2026-09-21,2026-09-27,7,84458.0859375,81461.1158942138,NA,NA
2026-09-21,2026-09-28,8,83502.609375,81506.7187703454,NA,NA
2026-09-21,2026-09-29,9,83622.4296875,81552.3471754952,NA,NA
2026-09-21,2026-09-30,10,83553.8515625,81598.0011239545,NA,NA
